year,age,sex,ranking,name
2018,Aged under 25,M,1,NOAH
2018,Aged under 25,M,2,OLIVER
2018,Aged under 25,M,3,LEO
2018,Aged under 25,M,4,ARCHIE
2018,Aged under 25,M,5,ALFIE
2018,Aged under 25,M,6,LOGAN
2018,Aged under 25,M,7,OSCAR
2018,Aged under 25,M,8,GEORGE
2018,Aged under 25,M,9,FREDDIE
2018,Aged under 25,M,10,HUNTER
2018,Aged under 25,M,11,CHARLIE
2018,Aged under 25,M,12,THEO
2018,Aged under 25,M,13,HARRY
2018,Aged under 25,M,14,MASON
2018,Aged under 25,M,15,ARTHUR
2018,Aged under 25,M,16,JACOB
2018,Aged under 25,M,17,ISAAC
2018,Aged under 25,M,18,MUHAMMAD
2018,Aged under 25,M,19,RILEY
2018,Aged under 25,M,20,LUCAS
2018,Aged under 25,M,21,ELIJAH
2018,Aged under 25,M,22,REGGIE
2018,Aged under 25,M,23,TOMMY
2018,Aged under 25,M,24,HARLEY
2018,Aged under 25,M,25,FINLEY
2018,Aged under 25,M,26,CARTER
2018,Aged under 25,M,26,HARRISON
2018,Aged under 25,M,28,ARLO
2018,Aged under 25,M,29,JACK
2018,Aged under 25,M,30,THOMAS
2018,Aged under 25,M,31,JAXON
2018,Aged under 25,M,32,THEODORE
2018,Aged under 25,M,33,LOUIE
2018,Aged under 25,M,34,HENRY
2018,Aged under 25,M,35,TEDDY
2018,Aged under 25,M,36,REUBEN
2018,Aged under 25,M,37,ROMAN
2018,Aged under 25,M,38,MOHAMMED
2018,Aged under 25,M,39,FRANKIE
2018,Aged under 25,M,40,JAMES
2018,Aged under 25,M,41,RONNIE
2018,Aged under 25,M,42,JAYDEN
2018,Aged under 25,M,43,ALBIE
2018,Aged under 25,M,44,WILLIAM
2018,Aged under 25,M,45,HARVEY
2018,Aged under 25,M,46,ETHAN
2018,Aged under 25,M,47,DAVID
2018,Aged under 25,M,48,LUCA
2018,Aged under 25,M,49,JOSEPH
2018,Aged under 25,M,50,JOSHUA
2018,Aged under 25,M,51,JENSON
2018,Aged under 25,M,52,EZRA
2018,Aged under 25,M,53,TYLER
2018,Aged under 25,M,54,HUGO
2018,Aged under 25,M,55,ADAM
2018,Aged under 25,M,56,DANIEL
2018,Aged under 25,M,57,GRAYSON
2018,Aged under 25,M,58,RORY
2018,Aged under 25,M,59,OAKLEY
2018,Aged under 25,M,60,KAI
2018,Aged under 25,M,61,JACKSON
2018,Aged under 25,M,62,OLLIE
2018,Aged under 25,M,63,EDWARD
2018,Aged under 25,M,64,CALEB
2018,Aged under 25,M,65,KAYDEN
2018,Aged under 25,M,66,ALEXANDER
2018,Aged under 25,M,66,DYLAN
2018,Aged under 25,M,68,CHESTER
2018,Aged under 25,M,68,ELLIOT
2018,Aged under 25,M,70,MICHAEL
2018,Aged under 25,M,71,TOBY
2018,Aged under 25,M,72,BOBBY
2018,Aged under 25,M,73,BLAKE
2018,Aged under 25,M,74,MOHAMMAD
2018,Aged under 25,M,75,ZACHARY
2018,Aged under 25,M,76,DOMINIC
2018,Aged under 25,M,76,SEBASTIAN
2018,Aged under 25,M,78,ALBERT
2018,Aged under 25,M,79,LEVI
2018,Aged under 25,M,80,BRODY
2018,Aged under 25,M,81,MAX
2018,Aged under 25,M,81,VINNIE
2018,Aged under 25,M,83,PARKER
2018,Aged under 25,M,84,JESSE
2018,Aged under 25,M,84,LEON
2018,Aged under 25,M,86,CODY
2018,Aged under 25,M,86,ROWAN
2018,Aged under 25,M,88,LINCOLN
2018,Aged under 25,M,89,LIAM
2018,Aged under 25,M,90,JAXSON
2018,Aged under 25,M,91,BENJAMIN
2018,Aged under 25,M,92,HUDSON
2018,Aged under 25,M,93,ELI
2018,Aged under 25,M,93,JOEY
2018,Aged under 25,M,93,KEVIN
2018,Aged under 25,M,96,SONNY
2018,Aged under 25,M,97,ALEX
2018,Aged under 25,M,97,JAKE
2018,Aged under 25,M,97,LOUIS
2018,Aged under 25,M,100,ELLIOTT
2018,Aged under 25,M,100,TOBIAS
2018,Aged under 25,M,102,ELLIS
2018,Aged under 25,M,104,LEWIS
2018,Aged under 25,M,107,GABRIEL
2018,Aged under 25,M,107,SAMUEL
2018,Aged under 25,M,110,MILO
2018,Aged under 25,M,111,JASPER
2018,Aged under 25,M,111,RYAN
2018,Aged under 25,M,115,STANLEY
2018,Aged under 25,M,117,AARON
2018,Aged under 25,M,119,MATTHEW
2018,Aged under 25,M,119,RALPH
2018,Aged under 25,M,121,FREDERICK
2018,Aged under 25,M,124,DEXTER
2018,Aged under 25,M,125,IBRAHIM
2018,Aged under 25,M,127,NATHAN
2018,Aged under 25,M,134,LEONARDO
2018,Aged under 25,M,134,YUSUF
2018,Aged under 25,M,140,JUDE
2018,Aged under 25,M,148,CHARLES
2018,Aged under 25,M,155,LUKE
2018,Aged under 25,M,159,ALFRED
2018,Aged under 25,M,165,AUSTIN
2018,Aged under 25,M,202,RUPERT
2018,Aged under 25,M,212,NATHANIEL
2018,Aged under 25,M,222,FELIX
2018,Aged under 25,M,222,FINN
2018,Aged under 25,M,222,OWEN
2018,Aged under 25,M,242,EVAN
2018,Aged under 25,M,593,MAXIMILIAN
2018,Aged 25 to 29,M,1,OLIVER
2018,Aged 25 to 29,M,2,HARRY
2018,Aged 25 to 29,M,3,GEORGE
2018,Aged 25 to 29,M,4,NOAH
2018,Aged 25 to 29,M,5,ARTHUR
2018,Aged 25 to 29,M,6,MUHAMMAD
2018,Aged 25 to 29,M,7,FREDDIE
2018,Aged 25 to 29,M,8,LEO
2018,Aged 25 to 29,M,9,CHARLIE
2018,Aged 25 to 29,M,10,JACOB
2018,Aged 25 to 29,M,11,JACK
2018,Aged 25 to 29,M,12,OSCAR
2018,Aged 25 to 29,M,13,ARCHIE
2018,Aged 25 to 29,M,14,ALFIE
2018,Aged 25 to 29,M,15,HENRY
2018,Aged 25 to 29,M,16,LOGAN
2018,Aged 25 to 29,M,16,THEO
2018,Aged 25 to 29,M,18,JOSHUA
2018,Aged 25 to 29,M,19,THOMAS
2018,Aged 25 to 29,M,20,ISAAC
2018,Aged 25 to 29,M,21,WILLIAM
2018,Aged 25 to 29,M,22,TEDDY
2018,Aged 25 to 29,M,23,LUCAS
2018,Aged 25 to 29,M,24,JAMES
2018,Aged 25 to 29,M,25,MOHAMMED
2018,Aged 25 to 29,M,26,ARLO
2018,Aged 25 to 29,M,27,FINLEY
2018,Aged 25 to 29,M,28,HARRISON
2018,Aged 25 to 29,M,29,THEODORE
2018,Aged 25 to 29,M,30,ALBIE
2018,Aged 25 to 29,M,31,MASON
2018,Aged 25 to 29,M,31,MAX
2018,Aged 25 to 29,M,33,EDWARD
2018,Aged 25 to 29,M,34,REGGIE
2018,Aged 25 to 29,M,35,JAXON
2018,Aged 25 to 29,M,36,ELIJAH
2018,Aged 25 to 29,M,37,ETHAN
2018,Aged 25 to 29,M,38,ADAM
2018,Aged 25 to 29,M,39,LOUIE
2018,Aged 25 to 29,M,40,TOMMY
2018,Aged 25 to 29,M,40,JOSEPH
2018,Aged 25 to 29,M,42,RORY
2018,Aged 25 to 29,M,43,ALEXANDER
2018,Aged 25 to 29,M,44,HUNTER
2018,Aged 25 to 29,M,45,REUBEN
2018,Aged 25 to 29,M,46,DAVID
2018,Aged 25 to 29,M,47,SEBASTIAN
2018,Aged 25 to 29,M,48,EZRA
2018,Aged 25 to 29,M,49,DANIEL
2018,Aged 25 to 29,M,50,RILEY
2018,Aged 25 to 29,M,51,LUCA
2018,Aged 25 to 29,M,52,ROMAN
2018,Aged 25 to 29,M,53,DYLAN
2018,Aged 25 to 29,M,54,BOBBY
2018,Aged 25 to 29,M,55,CARTER
2018,Aged 25 to 29,M,55,RONNIE
2018,Aged 25 to 29,M,55,SAMUEL
2018,Aged 25 to 29,M,58,JENSON
2018,Aged 25 to 29,M,59,FRANKIE
2018,Aged 25 to 29,M,60,ZACHARY
2018,Aged 25 to 29,M,61,ALBERT
2018,Aged 25 to 29,M,61,BENJAMIN
2018,Aged 25 to 29,M,63,HUGO
2018,Aged 25 to 29,M,64,HARLEY
2018,Aged 25 to 29,M,65,JUDE
2018,Aged 25 to 29,M,66,TOBY
2018,Aged 25 to 29,M,67,JESSE
2018,Aged 25 to 29,M,68,JAKE
2018,Aged 25 to 29,M,69,LOUIS
2018,Aged 25 to 29,M,70,FREDERICK
2018,Aged 25 to 29,M,71,MOHAMMAD
2018,Aged 25 to 29,M,72,HARVEY
2018,Aged 25 to 29,M,73,JACKSON
2018,Aged 25 to 29,M,74,ELLIOT
2018,Aged 25 to 29,M,75,OLLIE
2018,Aged 25 to 29,M,76,CALEB
2018,Aged 25 to 29,M,76,BLAKE
2018,Aged 25 to 29,M,78,MICHAEL
2018,Aged 25 to 29,M,78,STANLEY
2018,Aged 25 to 29,M,80,GABRIEL
2018,Aged 25 to 29,M,80,YUSUF
2018,Aged 25 to 29,M,82,RALPH
2018,Aged 25 to 29,M,83,GRAYSON
2018,Aged 25 to 29,M,84,ELLIS
2018,Aged 25 to 29,M,85,ELLIOTT
2018,Aged 25 to 29,M,85,RUPERT
2018,Aged 25 to 29,M,87,JAYDEN
2018,Aged 25 to 29,M,87,DEXTER
2018,Aged 25 to 29,M,89,RYAN
2018,Aged 25 to 29,M,90,IBRAHIM
2018,Aged 25 to 29,M,91,CHESTER
2018,Aged 25 to 29,M,91,DOMINIC
2018,Aged 25 to 29,M,91,LIAM
2018,Aged 25 to 29,M,94,TYLER
2018,Aged 25 to 29,M,95,HUDSON
2018,Aged 25 to 29,M,96,SONNY
2018,Aged 25 to 29,M,97,ROWAN
2018,Aged 25 to 29,M,98,ALEX
2018,Aged 25 to 29,M,99,OAKLEY
2018,Aged 25 to 29,M,100,ELI
2018,Aged 25 to 29,M,101,LINCOLN
2018,Aged 25 to 29,M,102,LEON
2018,Aged 25 to 29,M,103,JASPER
2018,Aged 25 to 29,M,104,LEWIS
2018,Aged 25 to 29,M,105,NATHAN
2018,Aged 25 to 29,M,106,CHARLES
2018,Aged 25 to 29,M,107,KAI
2018,Aged 25 to 29,M,107,TOBIAS
2018,Aged 25 to 29,M,110,BRODY
2018,Aged 25 to 29,M,111,MATTHEW
2018,Aged 25 to 29,M,115,PARKER
2018,Aged 25 to 29,M,116,VINNIE
2018,Aged 25 to 29,M,116,JAXSON
2018,Aged 25 to 29,M,118,FINN
2018,Aged 25 to 29,M,119,JOEY
2018,Aged 25 to 29,M,121,ALFRED
2018,Aged 25 to 29,M,126,LUKE
2018,Aged 25 to 29,M,126,AUSTIN
2018,Aged 25 to 29,M,129,MILO
2018,Aged 25 to 29,M,131,FELIX
2018,Aged 25 to 29,M,135,KEVIN
2018,Aged 25 to 29,M,138,CODY
2018,Aged 25 to 29,M,145,LEONARDO
2018,Aged 25 to 29,M,148,LEVI
2018,Aged 25 to 29,M,149,AARON
2018,Aged 25 to 29,M,167,OWEN
2018,Aged 25 to 29,M,169,EVAN
2018,Aged 25 to 29,M,182,NATHANIEL
2018,Aged 25 to 29,M,196,KAYDEN
2018,Aged 25 to 29,M,218,MAXIMILIAN
2018,Aged 30 to 34,M,1,OLIVER
2018,Aged 30 to 34,M,2,GEORGE
2018,Aged 30 to 34,M,3,JACK
2018,Aged 30 to 34,M,4,HARRY
2018,Aged 30 to 34,M,5,ARTHUR
2018,Aged 30 to 34,M,6,HENRY
2018,Aged 30 to 34,M,7,NOAH
2018,Aged 30 to 34,M,8,MUHAMMAD
2018,Aged 30 to 34,M,9,WILLIAM
2018,Aged 30 to 34,M,10,THOMAS
2018,Aged 30 to 34,M,11,JOSHUA
2018,Aged 30 to 34,M,12,OSCAR
2018,Aged 30 to 34,M,13,LEO
2018,Aged 30 to 34,M,14,CHARLIE
2018,Aged 30 to 34,M,15,JACOB
2018,Aged 30 to 34,M,16,ALEXANDER
2018,Aged 30 to 34,M,17,JAMES
2018,Aged 30 to 34,M,18,THEO
2018,Aged 30 to 34,M,19,EDWARD
2018,Aged 30 to 34,M,20,ALFIE
2018,Aged 30 to 34,M,21,ISAAC
2018,Aged 30 to 34,M,22,SEBASTIAN
2018,Aged 30 to 34,M,23,FREDDIE
2018,Aged 30 to 34,M,24,ARCHIE
2018,Aged 30 to 34,M,25,ETHAN
2018,Aged 30 to 34,M,26,MAX
2018,Aged 30 to 34,M,27,THEODORE
2018,Aged 30 to 34,M,28,JOSEPH
2018,Aged 30 to 34,M,29,FINLEY
2018,Aged 30 to 34,M,30,BENJAMIN
2018,Aged 30 to 34,M,31,SAMUEL
2018,Aged 30 to 34,M,32,LUCAS
2018,Aged 30 to 34,M,33,MOHAMMED
2018,Aged 30 to 34,M,34,DANIEL
2018,Aged 30 to 34,M,35,DYLAN
2018,Aged 30 to 34,M,36,ADAM
2018,Aged 30 to 34,M,37,LOGAN
2018,Aged 30 to 34,M,38,REUBEN
2018,Aged 30 to 34,M,39,HARRISON
2018,Aged 30 to 34,M,40,ARLO
2018,Aged 30 to 34,M,41,TEDDY
2018,Aged 30 to 34,M,42,ALBERT
2018,Aged 30 to 34,M,43,RORY
2018,Aged 30 to 34,M,44,JUDE
2018,Aged 30 to 34,M,45,ZACHARY
2018,Aged 30 to 34,M,46,TOBY
2018,Aged 30 to 34,M,47,LUCA
2018,Aged 30 to 34,M,48,HUGO
2018,Aged 30 to 34,M,49,DAVID
2018,Aged 30 to 34,M,50,FREDERICK
2018,Aged 30 to 34,M,51,ELIJAH
2018,Aged 30 to 34,M,52,LOUIE
2018,Aged 30 to 34,M,53,JAKE
2018,Aged 30 to 34,M,54,GABRIEL
2018,Aged 30 to 34,M,55,ALBIE
2018,Aged 30 to 34,M,56,JAXON
2018,Aged 30 to 34,M,57,EZRA
2018,Aged 30 to 34,M,58,FINN
2018,Aged 30 to 34,M,59,REGGIE
2018,Aged 30 to 34,M,60,LOUIS
2018,Aged 30 to 34,M,61,ELLIOT
2018,Aged 30 to 34,M,62,MASON
2018,Aged 30 to 34,M,63,TOMMY
2018,Aged 30 to 34,M,64,STANLEY
2018,Aged 30 to 34,M,65,CHARLES
2018,Aged 30 to 34,M,66,FRANKIE
2018,Aged 30 to 34,M,67,MOHAMMAD
2018,Aged 30 to 34,M,68,RONNIE
2018,Aged 30 to 34,M,68,JASPER
2018,Aged 30 to 34,M,70,JESSE
2018,Aged 30 to 34,M,71,ROMAN
2018,Aged 30 to 34,M,72,MICHAEL
2018,Aged 30 to 34,M,72,FELIX
2018,Aged 30 to 34,M,74,BOBBY
2018,Aged 30 to 34,M,74,RALPH
2018,Aged 30 to 34,M,76,HUNTER
2018,Aged 30 to 34,M,77,RUPERT
2018,Aged 30 to 34,M,78,MATTHEW
2018,Aged 30 to 34,M,79,ELLIS
2018,Aged 30 to 34,M,80,CALEB
2018,Aged 30 to 34,M,81,ROWAN
2018,Aged 30 to 34,M,81,ELLIOTT
2018,Aged 30 to 34,M,83,AUSTIN
2018,Aged 30 to 34,M,84,JENSON
2018,Aged 30 to 34,M,85,ALFRED
2018,Aged 30 to 34,M,86,RILEY
2018,Aged 30 to 34,M,87,TOBIAS
2018,Aged 30 to 34,M,88,LUKE
2018,Aged 30 to 34,M,89,CARTER
2018,Aged 30 to 34,M,90,RYAN
2018,Aged 30 to 34,M,91,DEXTER
2018,Aged 30 to 34,M,92,LIAM
2018,Aged 30 to 34,M,93,GRAYSON
2018,Aged 30 to 34,M,94,JACKSON
2018,Aged 30 to 34,M,94,ALEX
2018,Aged 30 to 34,M,96,BLAKE
2018,Aged 30 to 34,M,97,NATHAN
2018,Aged 30 to 34,M,98,DOMINIC
2018,Aged 30 to 34,M,99,OWEN
2018,Aged 30 to 34,M,100,HARLEY
2018,Aged 30 to 34,M,101,LEWIS
2018,Aged 30 to 34,M,102,LEON
2018,Aged 30 to 34,M,103,SONNY
2018,Aged 30 to 34,M,103,IBRAHIM
2018,Aged 30 to 34,M,106,MILO
2018,Aged 30 to 34,M,107,YUSUF
2018,Aged 30 to 34,M,109,HARVEY
2018,Aged 30 to 34,M,109,ELI
2018,Aged 30 to 34,M,113,KAI
2018,Aged 30 to 34,M,113,OLLIE
2018,Aged 30 to 34,M,117,AARON
2018,Aged 30 to 34,M,118,JAYDEN
2018,Aged 30 to 34,M,119,LEONARDO
2018,Aged 30 to 34,M,119,NATHANIEL
2018,Aged 30 to 34,M,125,BRODY
2018,Aged 30 to 34,M,125,HUDSON
2018,Aged 30 to 34,M,127,MAXIMILIAN
2018,Aged 30 to 34,M,129,CHESTER
2018,Aged 30 to 34,M,130,EVAN
2018,Aged 30 to 34,M,145,TYLER
2018,Aged 30 to 34,M,155,LINCOLN
2018,Aged 30 to 34,M,158,PARKER
2018,Aged 30 to 34,M,175,OAKLEY
2018,Aged 30 to 34,M,184,JAXSON
2018,Aged 30 to 34,M,184,JOEY
2018,Aged 30 to 34,M,188,LEVI
2018,Aged 30 to 34,M,198,CODY
2018,Aged 30 to 34,M,208,VINNIE
2018,Aged 30 to 34,M,208,KEVIN
2018,Aged 30 to 34,M,255,KAYDEN
2018,Aged 35 and over,M,1,GEORGE
2018,Aged 35 and over,M,2,OLIVER
2018,Aged 35 and over,M,3,JACK
2018,Aged 35 and over,M,4,THOMAS
2018,Aged 35 and over,M,5,WILLIAM
2018,Aged 35 and over,M,6,ALEXANDER
2018,Aged 35 and over,M,7,HARRY
2018,Aged 35 and over,M,8,JOSHUA
2018,Aged 35 and over,M,9,LEO
2018,Aged 35 and over,M,10,JAMES
2018,Aged 35 and over,M,11,NOAH
2018,Aged 35 and over,M,12,HENRY
2018,Aged 35 and over,M,13,MUHAMMAD
2018,Aged 35 and over,M,14,JACOB
2018,Aged 35 and over,M,15,SAMUEL
2018,Aged 35 and over,M,16,EDWARD
2018,Aged 35 and over,M,17,ARTHUR
2018,Aged 35 and over,M,18,BENJAMIN
2018,Aged 35 and over,M,19,SEBASTIAN
2018,Aged 35 and over,M,20,CHARLIE
2018,Aged 35 and over,M,21,ETHAN
2018,Aged 35 and over,M,22,OSCAR
2018,Aged 35 and over,M,23,JOSEPH
2018,Aged 35 and over,M,24,DANIEL
2018,Aged 35 and over,M,25,ISAAC
2018,Aged 35 and over,M,26,MAX
2018,Aged 35 and over,M,27,THEO
2018,Aged 35 and over,M,28,ADAM
2018,Aged 35 and over,M,29,LUCAS
2018,Aged 35 and over,M,30,ALFIE
2018,Aged 35 and over,M,30,DYLAN
2018,Aged 35 and over,M,32,ARCHIE
2018,Aged 35 and over,M,33,THEODORE
2018,Aged 35 and over,M,33,MOHAMMED
2018,Aged 35 and over,M,35,FREDDIE
2018,Aged 35 and over,M,36,FINLEY
2018,Aged 35 and over,M,37,HARRISON
2018,Aged 35 and over,M,38,HUGO
2018,Aged 35 and over,M,39,ZACHARY
2018,Aged 35 and over,M,40,GABRIEL
2018,Aged 35 and over,M,41,ALBERT
2018,Aged 35 and over,M,42,JUDE
2018,Aged 35 and over,M,43,FINN
2018,Aged 35 and over,M,44,TOBY
2018,Aged 35 and over,M,45,ARLO
2018,Aged 35 and over,M,46,LOGAN
2018,Aged 35 and over,M,47,LUCA
2018,Aged 35 and over,M,48,FREDERICK
2018,Aged 35 and over,M,49,DAVID
2018,Aged 35 and over,M,50,REUBEN
2018,Aged 35 and over,M,51,LOUIS
2018,Aged 35 and over,M,52,STANLEY
2018,Aged 35 and over,M,53,MATTHEW
2018,Aged 35 and over,M,54,JAKE
2018,Aged 35 and over,M,54,FELIX
2018,Aged 35 and over,M,56,LUKE
2018,Aged 35 and over,M,57,ELLIOT
2018,Aged 35 and over,M,58,ELIJAH
2018,Aged 35 and over,M,59,RORY
2018,Aged 35 and over,M,60,TEDDY
2018,Aged 35 and over,M,61,MICHAEL
2018,Aged 35 and over,M,62,CHARLES
2018,Aged 35 and over,M,63,MOHAMMAD
2018,Aged 35 and over,M,64,LIAM
2018,Aged 35 and over,M,65,EZRA
2018,Aged 35 and over,M,66,JESSE
2018,Aged 35 and over,M,67,ALBIE
2018,Aged 35 and over,M,68,ALEX
2018,Aged 35 and over,M,69,JAXON
2018,Aged 35 and over,M,70,LOUIE
2018,Aged 35 and over,M,71,MASON
2018,Aged 35 and over,M,72,AARON
2018,Aged 35 and over,M,73,NATHAN
2018,Aged 35 and over,M,74,OWEN
2018,Aged 35 and over,M,75,ELLIOTT
2018,Aged 35 and over,M,75,ALFRED
2018,Aged 35 and over,M,77,RYAN
2018,Aged 35 and over,M,78,LEON
2018,Aged 35 and over,M,79,JAYDEN
2018,Aged 35 and over,M,80,ROWAN
2018,Aged 35 and over,M,81,SONNY
2018,Aged 35 and over,M,81,JASPER
2018,Aged 35 and over,M,83,DEXTER
2018,Aged 35 and over,M,84,ELLIS
2018,Aged 35 and over,M,85,TOMMY
2018,Aged 35 and over,M,85,AUSTIN
2018,Aged 35 and over,M,87,LEONARDO
2018,Aged 35 and over,M,88,NATHANIEL
2018,Aged 35 and over,M,89,BLAKE
2018,Aged 35 and over,M,90,IBRAHIM
2018,Aged 35 and over,M,91,LEWIS
2018,Aged 35 and over,M,91,MILO
2018,Aged 35 and over,M,93,TOBIAS
2018,Aged 35 and over,M,94,MAXIMILIAN
2018,Aged 35 and over,M,95,CALEB
2018,Aged 35 and over,M,95,BOBBY
2018,Aged 35 and over,M,95,RALPH
2018,Aged 35 and over,M,98,JACKSON
2018,Aged 35 and over,M,99,ROMAN
2018,Aged 35 and over,M,100,FRANKIE
2018,Aged 35 and over,M,100,EVAN
2018,Aged 35 and over,M,102,YUSUF
2018,Aged 35 and over,M,103,JENSON
2018,Aged 35 and over,M,106,REGGIE
2018,Aged 35 and over,M,109,RONNIE
2018,Aged 35 and over,M,113,KAI
2018,Aged 35 and over,M,114,HARLEY
2018,Aged 35 and over,M,114,HARVEY
2018,Aged 35 and over,M,118,GRAYSON
2018,Aged 35 and over,M,122,HUNTER
2018,Aged 35 and over,M,122,CARTER
2018,Aged 35 and over,M,124,RILEY
2018,Aged 35 and over,M,129,DOMINIC
2018,Aged 35 and over,M,135,ELI
2018,Aged 35 and over,M,142,OLLIE
2018,Aged 35 and over,M,147,RUPERT
2018,Aged 35 and over,M,154,HUDSON
2018,Aged 35 and over,M,181,TYLER
2018,Aged 35 and over,M,184,BRODY
2018,Aged 35 and over,M,192,CHESTER
2018,Aged 35 and over,M,216,LINCOLN
2018,Aged 35 and over,M,228,JAXSON
2018,Aged 35 and over,M,234,CODY
2018,Aged 35 and over,M,241,KAYDEN
2018,Aged 35 and over,M,264,JOEY
2018,Aged 35 and over,M,268,OAKLEY
2018,Aged 35 and over,M,271,LEVI
2018,Aged 35 and over,M,281,KEVIN
2018,Aged 35 and over,M,287,PARKER
2018,Aged 35 and over,M,346,VINNIE
2018,Aged under 25,F,1,AMELIA
2018,Aged under 25,F,2,OLIVIA
2018,Aged under 25,F,3,AVA
2018,Aged under 25,F,4,ISLA
2018,Aged under 25,F,5,HARPER
2018,Aged under 25,F,6,ISABELLA
2018,Aged under 25,F,7,MIA
2018,Aged under 25,F,8,ELLA
2018,Aged under 25,F,9,IVY
2018,Aged under 25,F,9,SCARLETT
2018,Aged under 25,F,11,EVIE
2018,Aged under 25,F,12,LILY
2018,Aged under 25,F,12,WILLOW
2018,Aged under 25,F,14,POPPY
2018,Aged under 25,F,15,FREYA
2018,Aged under 25,F,16,SOPHIA
2018,Aged under 25,F,17,LAYLA
2018,Aged under 25,F,18,ARIA
2018,Aged under 25,F,19,ELSIE
2018,Aged under 25,F,20,GRACE
2018,Aged under 25,F,21,DAISY
2018,Aged under 25,F,22,ROSIE
2018,Aged under 25,F,23,SOFIA
2018,Aged under 25,F,24,PHOEBE
2018,Aged under 25,F,25,ESME
2018,Aged under 25,F,26,RUBY
2018,Aged under 25,F,27,SIENNA
2018,Aged under 25,F,28,LUNA
2018,Aged under 25,F,29,ELIZA
2018,Aged under 25,F,29,ISABELLE
2018,Aged under 25,F,31,EMILY
2018,Aged under 25,F,32,LILLY
2018,Aged under 25,F,33,EVELYN
2018,Aged under 25,F,34,MAISIE
2018,Aged under 25,F,35,MILA
2018,Aged under 25,F,36,LOLA
2018,Aged under 25,F,37,MILLIE
2018,Aged under 25,F,38,NEVAEH
2018,Aged under 25,F,39,GRACIE
2018,Aged under 25,F,40,MAYA
2018,Aged under 25,F,41,BELLA
2018,Aged under 25,F,42,ESMAE
2018,Aged under 25,F,43,HALLIE
2018,Aged under 25,F,44,AURORA
2018,Aged under 25,F,45,CHARLOTTE
2018,Aged under 25,F,46,DELILAH
2018,Aged under 25,F,47,ALICE
2018,Aged under 25,F,47,VIOLET
2018,Aged under 25,F,49,ARABELLA
2018,Aged under 25,F,49,EMILIA
2018,Aged under 25,F,51,FLORENCE
2018,Aged under 25,F,52,DARCIE
2018,Aged under 25,F,53,EVA
2018,Aged under 25,F,54,JESSICA
2018,Aged under 25,F,54,PENELOPE
2018,Aged under 25,F,56,ELLIE
2018,Aged under 25,F,57,LYLA
2018,Aged under 25,F,58,MADDISON
2018,Aged under 25,F,59,BONNIE
2018,Aged under 25,F,60,LEXI
2018,Aged under 25,F,61,MYLA
2018,Aged under 25,F,62,SKYLAR
2018,Aged under 25,F,63,AALIYAH
2018,Aged under 25,F,64,LOTTIE
2018,Aged under 25,F,65,MARIA
2018,Aged under 25,F,66,MATILDA
2018,Aged under 25,F,67,IMOGEN
2018,Aged under 25,F,68,SOPHIE
2018,Aged under 25,F,68,SUMMER
2018,Aged under 25,F,70,LACEY
2018,Aged under 25,F,70,THEA
2018,Aged under 25,F,72,DARCY
2018,Aged under 25,F,73,SAVANNAH
2018,Aged under 25,F,74,ZARA
2018,Aged under 25,F,75,ELIZABETH
2018,Aged under 25,F,76,HARRIET
2018,Aged under 25,F,77,LILLIE
2018,Aged under 25,F,77,SKYLA
2018,Aged under 25,F,79,MYA
2018,Aged under 25,F,79,NANCY
2018,Aged under 25,F,81,HEIDI
2018,Aged under 25,F,82,AYLA
2018,Aged under 25,F,83,AMELIA-ROSE
2018,Aged under 25,F,83,MADISON
2018,Aged under 25,F,85,HOLLY
2018,Aged under 25,F,85,PAISLEY
2018,Aged under 25,F,87,CHLOE
2018,Aged under 25,F,88,ARIANA
2018,Aged under 25,F,88,AVA-ROSE
2018,Aged under 25,F,88,EMMA
2018,Aged under 25,F,88,NELLIE
2018,Aged under 25,F,88,ROSE
2018,Aged under 25,F,93,AUTUMN
2018,Aged under 25,F,93,FAITH
2018,Aged under 25,F,93,ROBYN
2018,Aged under 25,F,96,NOVA
2018,Aged under 25,F,97,MARNIE
2018,Aged under 25,F,98,AMAYA
2018,Aged under 25,F,98,SARAH
2018,Aged under 25,F,100,ANASTASIA
2018,Aged under 25,F,101,SARA
2018,Aged under 25,F,105,FRANCESCA
2018,Aged under 25,F,108,ADA
2018,Aged under 25,F,108,LUCY
2018,Aged under 25,F,112,JASMINE
2018,Aged under 25,F,114,AMBER
2018,Aged under 25,F,117,AISHA
2018,Aged under 25,F,117,MARYAM
2018,Aged under 25,F,126,ERIN
2018,Aged under 25,F,126,HOLLIE
2018,Aged under 25,F,130,ELEANOR
2018,Aged under 25,F,130,HANNAH
2018,Aged under 25,F,133,FELICITY
2018,Aged under 25,F,136,MOLLY
2018,Aged under 25,F,141,ABIGAIL
2018,Aged under 25,F,141,VICTORIA
2018,Aged under 25,F,146,PIPPA
2018,Aged under 25,F,147,ANNABELLE
2018,Aged under 25,F,153,ORLA
2018,Aged under 25,F,161,IRIS
2018,Aged under 25,F,165,LARA
2018,Aged under 25,F,174,JULIA
2018,Aged under 25,F,181,BEATRICE
2018,Aged under 25,F,181,ELOISE
2018,Aged under 25,F,181,GEORGIA
2018,Aged under 25,F,209,EDIE
2018,Aged under 25,F,209,MABEL
2018,Aged under 25,F,233,ALEXANDRA
2018,Aged under 25,F,233,CLARA
2018,Aged under 25,F,250,ISABEL
2018,Aged 25 to 29,F,1,OLIVIA
2018,Aged 25 to 29,F,2,AMELIA
2018,Aged 25 to 29,F,3,ISLA
2018,Aged 25 to 29,F,4,AVA
2018,Aged 25 to 29,F,5,MIA
2018,Aged 25 to 29,F,6,ELLA
2018,Aged 25 to 29,F,7,POPPY
2018,Aged 25 to 29,F,8,IVY
2018,Aged 25 to 29,F,9,LILY
2018,Aged 25 to 29,F,10,ELSIE
2018,Aged 25 to 29,F,11,SOPHIA
2018,Aged 25 to 29,F,12,ISABELLA
2018,Aged 25 to 29,F,13,EVIE
2018,Aged 25 to 29,F,14,HARPER
2018,Aged 25 to 29,F,15,GRACE
2018,Aged 25 to 29,F,16,EMILY
2018,Aged 25 to 29,F,17,ROSIE
2018,Aged 25 to 29,F,18,EVELYN
2018,Aged 25 to 29,F,19,PHOEBE
2018,Aged 25 to 29,F,20,FLORENCE
2018,Aged 25 to 29,F,21,WILLOW
2018,Aged 25 to 29,F,22,FREYA
2018,Aged 25 to 29,F,23,DAISY
2018,Aged 25 to 29,F,24,SIENNA
2018,Aged 25 to 29,F,25,ISABELLE
2018,Aged 25 to 29,F,26,RUBY
2018,Aged 25 to 29,F,27,SOFIA
2018,Aged 25 to 29,F,28,LUNA
2018,Aged 25 to 29,F,29,ALICE
2018,Aged 25 to 29,F,30,SOPHIE
2018,Aged 25 to 29,F,31,CHARLOTTE
2018,Aged 25 to 29,F,32,MILLIE
2018,Aged 25 to 29,F,33,JESSICA
2018,Aged 25 to 29,F,34,SCARLETT
2018,Aged 25 to 29,F,35,ARIA
2018,Aged 25 to 29,F,36,EMILIA
2018,Aged 25 to 29,F,37,MATILDA
2018,Aged 25 to 29,F,38,EVA
2018,Aged 25 to 29,F,38,PENELOPE
2018,Aged 25 to 29,F,40,MILA
2018,Aged 25 to 29,F,41,LAYLA
2018,Aged 25 to 29,F,42,MAISIE
2018,Aged 25 to 29,F,42,LOLA
2018,Aged 25 to 29,F,44,BELLA
2018,Aged 25 to 29,F,45,ELIZA
2018,Aged 25 to 29,F,45,ELLIE
2018,Aged 25 to 29,F,47,IMOGEN
2018,Aged 25 to 29,F,48,MAYA
2018,Aged 25 to 29,F,49,ESME
2018,Aged 25 to 29,F,50,VIOLET
2018,Aged 25 to 29,F,51,HALLIE
2018,Aged 25 to 29,F,52,CHLOE
2018,Aged 25 to 29,F,53,LOTTIE
2018,Aged 25 to 29,F,54,HARRIET
2018,Aged 25 to 29,F,55,NANCY
2018,Aged 25 to 29,F,56,HOLLY
2018,Aged 25 to 29,F,57,LILLY
2018,Aged 25 to 29,F,58,GRACIE
2018,Aged 25 to 29,F,58,ROSE
2018,Aged 25 to 29,F,60,AURORA
2018,Aged 25 to 29,F,61,DARCIE
2018,Aged 25 to 29,F,62,THEA
2018,Aged 25 to 29,F,63,ERIN
2018,Aged 25 to 29,F,64,ADA
2018,Aged 25 to 29,F,65,ELIZABETH
2018,Aged 25 to 29,F,66,SUMMER
2018,Aged 25 to 29,F,66,EMMA
2018,Aged 25 to 29,F,68,ZARA
2018,Aged 25 to 29,F,69,BONNIE
2018,Aged 25 to 29,F,69,ELEANOR
2018,Aged 25 to 29,F,71,DELILAH
2018,Aged 25 to 29,F,72,ANNABELLE
2018,Aged 25 to 29,F,73,MOLLY
2018,Aged 25 to 29,F,74,MARYAM
2018,Aged 25 to 29,F,75,MARIA
2018,Aged 25 to 29,F,76,LUCY
2018,Aged 25 to 29,F,77,AMBER
2018,Aged 25 to 29,F,78,GEORGIA
2018,Aged 25 to 29,F,79,ARABELLA
2018,Aged 25 to 29,F,80,HANNAH
2018,Aged 25 to 29,F,81,ROBYN
2018,Aged 25 to 29,F,81,AISHA
2018,Aged 25 to 29,F,83,DARCY
2018,Aged 25 to 29,F,83,AYLA
2018,Aged 25 to 29,F,85,HEIDI
2018,Aged 25 to 29,F,86,PIPPA
2018,Aged 25 to 29,F,87,LYLA
2018,Aged 25 to 29,F,88,MYLA
2018,Aged 25 to 29,F,89,ARIANA
2018,Aged 25 to 29,F,90,SAVANNAH
2018,Aged 25 to 29,F,90,JASMINE
2018,Aged 25 to 29,F,92,ORLA
2018,Aged 25 to 29,F,93,MADDISON
2018,Aged 25 to 29,F,94,FELICITY
2018,Aged 25 to 29,F,95,IRIS
2018,Aged 25 to 29,F,96,ABIGAIL
2018,Aged 25 to 29,F,97,ESMAE
2018,Aged 25 to 29,F,97,SARAH
2018,Aged 25 to 29,F,99,HOLLIE
2018,Aged 25 to 29,F,100,VICTORIA
2018,Aged 25 to 29,F,101,FRANCESCA
2018,Aged 25 to 29,F,101,AMELIE
2018,Aged 25 to 29,F,106,NEVAEH
2018,Aged 25 to 29,F,107,AMAYA
2018,Aged 25 to 29,F,108,SARA
2018,Aged 25 to 29,F,109,MABEL
2018,Aged 25 to 29,F,111,AUTUMN
2018,Aged 25 to 29,F,112,LEXI
2018,Aged 25 to 29,F,113,EDIE
2018,Aged 25 to 29,F,114,PAISLEY
2018,Aged 25 to 29,F,114,NELLIE
2018,Aged 25 to 29,F,114,JULIA
2018,Aged 25 to 29,F,114,EDITH
2018,Aged 25 to 29,F,121,MADISON
2018,Aged 25 to 29,F,121,MARNIE
2018,Aged 25 to 29,F,123,MYA
2018,Aged 25 to 29,F,123,ANASTASIA
2018,Aged 25 to 29,F,123,ANNA
2018,Aged 25 to 29,F,126,AALIYAH
2018,Aged 25 to 29,F,127,BEATRICE
2018,Aged 25 to 29,F,127,OLIVE
2018,Aged 25 to 29,F,134,FAITH
2018,Aged 25 to 29,F,136,LACEY
2018,Aged 25 to 29,F,139,LARA
2018,Aged 25 to 29,F,141,LILLIE
2018,Aged 25 to 29,F,141,ELOISE
2018,Aged 25 to 29,F,152,SKYLAR
2018,Aged 25 to 29,F,152,MARTHA
2018,Aged 25 to 29,F,152,MARGOT
2018,Aged 25 to 29,F,157,ALEXANDRA
2018,Aged 30 to 34,F,1,OLIVIA
2018,Aged 30 to 34,F,2,AMELIA
2018,Aged 30 to 34,F,3,EMILY
2018,Aged 30 to 34,F,4,ISLA
2018,Aged 30 to 34,F,5,AVA
2018,Aged 30 to 34,F,6,SOPHIE
2018,Aged 30 to 34,F,7,GRACE
2018,Aged 30 to 34,F,8,CHARLOTTE
2018,Aged 30 to 34,F,9,SOPHIA
2018,Aged 30 to 34,F,10,MIA
2018,Aged 30 to 34,F,11,FLORENCE
2018,Aged 30 to 34,F,12,ELLA
2018,Aged 30 to 34,F,13,POPPY
2018,Aged 30 to 34,F,14,EVELYN
2018,Aged 30 to 34,F,15,ALICE
2018,Aged 30 to 34,F,16,ISABELLA
2018,Aged 30 to 34,F,17,PHOEBE
2018,Aged 30 to 34,F,18,JESSICA
2018,Aged 30 to 34,F,19,LILY
2018,Aged 30 to 34,F,20,IVY
2018,Aged 30 to 34,F,21,SIENNA
2018,Aged 30 to 34,F,21,MATILDA
2018,Aged 30 to 34,F,23,FREYA
2018,Aged 30 to 34,F,24,EVIE
2018,Aged 30 to 34,F,25,ISABELLE
2018,Aged 30 to 34,F,26,WILLOW
2018,Aged 30 to 34,F,27,ROSIE
2018,Aged 30 to 34,F,28,SOFIA
2018,Aged 30 to 34,F,29,ELSIE
2018,Aged 30 to 34,F,30,CHLOE
2018,Aged 30 to 34,F,31,DAISY
2018,Aged 30 to 34,F,32,EMILIA
2018,Aged 30 to 34,F,33,EVA
2018,Aged 30 to 34,F,34,HARPER
2018,Aged 30 to 34,F,35,RUBY
2018,Aged 30 to 34,F,36,IMOGEN
2018,Aged 30 to 34,F,37,HARRIET
2018,Aged 30 to 34,F,38,ELEANOR
2018,Aged 30 to 34,F,39,ERIN
2018,Aged 30 to 34,F,40,MAYA
2018,Aged 30 to 34,F,41,ESME
2018,Aged 30 to 34,F,42,ELIZABETH
2018,Aged 30 to 34,F,43,PENELOPE
2018,Aged 30 to 34,F,44,ELIZA
2018,Aged 30 to 34,F,45,MOLLY
2018,Aged 30 to 34,F,46,ROSE
2018,Aged 30 to 34,F,47,MILLIE
2018,Aged 30 to 34,F,48,ADA
2018,Aged 30 to 34,F,49,ARIA
2018,Aged 30 to 34,F,50,SCARLETT
2018,Aged 30 to 34,F,51,EMMA
2018,Aged 30 to 34,F,52,THEA
2018,Aged 30 to 34,F,53,LUCY
2018,Aged 30 to 34,F,54,HOLLY
2018,Aged 30 to 34,F,55,LAYLA
2018,Aged 30 to 34,F,56,MILA
2018,Aged 30 to 34,F,57,HANNAH
2018,Aged 30 to 34,F,58,ROBYN
2018,Aged 30 to 34,F,59,MAISIE
2018,Aged 30 to 34,F,60,AMBER
2018,Aged 30 to 34,F,61,LUNA
2018,Aged 30 to 34,F,62,NANCY
2018,Aged 30 to 34,F,63,BELLA
2018,Aged 30 to 34,F,64,GEORGIA
2018,Aged 30 to 34,F,65,LOLA
2018,Aged 30 to 34,F,66,VIOLET
2018,Aged 30 to 34,F,67,JASMINE
2018,Aged 30 to 34,F,68,ABIGAIL
2018,Aged 30 to 34,F,69,ELLIE
2018,Aged 30 to 34,F,70,ANNABELLE
2018,Aged 30 to 34,F,71,LOTTIE
2018,Aged 30 to 34,F,71,AMELIE
2018,Aged 30 to 34,F,73,ANNA
2018,Aged 30 to 34,F,74,MARIA
2018,Aged 30 to 34,F,75,EDITH
2018,Aged 30 to 34,F,76,ZARA
2018,Aged 30 to 34,F,77,CLARA
2018,Aged 30 to 34,F,78,ORLA
2018,Aged 30 to 34,F,79,SUMMER
2018,Aged 30 to 34,F,80,MARGOT
2018,Aged 30 to 34,F,81,BEATRICE
2018,Aged 30 to 34,F,82,IRIS
2018,Aged 30 to 34,F,83,AURORA
2018,Aged 30 to 34,F,84,OLIVE
2018,Aged 30 to 34,F,85,ZOE
2018,Aged 30 to 34,F,86,MARTHA
2018,Aged 30 to 34,F,87,HEIDI
2018,Aged 30 to 34,F,88,MARYAM
2018,Aged 30 to 34,F,89,FELICITY
2018,Aged 30 to 34,F,90,AISHA
2018,Aged 30 to 34,F,91,FRANCESCA
2018,Aged 30 to 34,F,92,EDIE
2018,Aged 30 to 34,F,93,SARA
2018,Aged 30 to 34,F,94,LILLY
2018,Aged 30 to 34,F,95,BONNIE
2018,Aged 30 to 34,F,96,DARCIE
2018,Aged 30 to 34,F,96,ELOISE
2018,Aged 30 to 34,F,96,MABEL
2018,Aged 30 to 34,F,99,AYLA
2018,Aged 30 to 34,F,100,ALEXANDRA
2018,Aged 30 to 34,F,101,LARA
2018,Aged 30 to 34,F,101,JULIA
2018,Aged 30 to 34,F,104,MEGAN
2018,Aged 30 to 34,F,105,VICTORIA
2018,Aged 30 to 34,F,107,GRACIE
2018,Aged 30 to 34,F,108,PIPPA
2018,Aged 30 to 34,F,109,LYLA
2018,Aged 30 to 34,F,112,HALLIE
2018,Aged 30 to 34,F,112,ARABELLA
2018,Aged 30 to 34,F,119,SAVANNAH
2018,Aged 30 to 34,F,122,SARAH
2018,Aged 30 to 34,F,123,ELODIE
2018,Aged 30 to 34,F,124,DELILAH
2018,Aged 30 to 34,F,126,AUTUMN
2018,Aged 30 to 34,F,127,ARIANA
2018,Aged 30 to 34,F,129,DARCY
2018,Aged 30 to 34,F,129,ISABEL
2018,Aged 30 to 34,F,133,AMAYA
2018,Aged 30 to 34,F,144,MYA
2018,Aged 30 to 34,F,146,MYLA
2018,Aged 30 to 34,F,147,LEXI
2018,Aged 30 to 34,F,152,MADDISON
2018,Aged 30 to 34,F,152,MADISON
2018,Aged 30 to 34,F,159,ROSA
2018,Aged 30 to 34,F,161,NEVAEH
2018,Aged 30 to 34,F,163,ESMAE
2018,Aged 30 to 34,F,173,AALIYAH
2018,Aged 30 to 34,F,179,FAITH
2018,Aged 30 to 34,F,188,MARNIE
2018,Aged 30 to 34,F,191,ANASTASIA
2018,Aged 35 and over,F,1,OLIVIA
2018,Aged 35 and over,F,2,CHARLOTTE
2018,Aged 35 and over,F,3,EMILY
2018,Aged 35 and over,F,4,AMELIA
2018,Aged 35 and over,F,5,ISLA
2018,Aged 35 and over,F,6,AVA
2018,Aged 35 and over,F,7,SOPHIE
2018,Aged 35 and over,F,8,SOPHIA
2018,Aged 35 and over,F,8,GRACE
2018,Aged 35 and over,F,10,JESSICA
2018,Aged 35 and over,F,11,ISABELLA
2018,Aged 35 and over,F,12,FLORENCE
2018,Aged 35 and over,F,13,ALICE
2018,Aged 35 and over,F,14,MIA
2018,Aged 35 and over,F,15,MATILDA
2018,Aged 35 and over,F,16,ELLA
2018,Aged 35 and over,F,17,LILY
2018,Aged 35 and over,F,18,CHLOE
2018,Aged 35 and over,F,19,SOFIA
2018,Aged 35 and over,F,20,POPPY
2018,Aged 35 and over,F,21,FREYA
2018,Aged 35 and over,F,22,DAISY
2018,Aged 35 and over,F,23,EVIE
2018,Aged 35 and over,F,24,SIENNA
2018,Aged 35 and over,F,25,ISABELLE
2018,Aged 35 and over,F,26,EVA
2018,Aged 35 and over,F,27,ELIZABETH
2018,Aged 35 and over,F,28,ELSIE
2018,Aged 35 and over,F,29,IVY
2018,Aged 35 and over,F,30,WILLOW
2018,Aged 35 and over,F,31,MAYA
2018,Aged 35 and over,F,32,RUBY
2018,Aged 35 and over,F,33,PHOEBE
2018,Aged 35 and over,F,33,EMILIA
2018,Aged 35 and over,F,35,EVELYN
2018,Aged 35 and over,F,36,ROSIE
2018,Aged 35 and over,F,37,HARRIET
2018,Aged 35 and over,F,38,EMMA
2018,Aged 35 and over,F,39,LUCY
2018,Aged 35 and over,F,40,ERIN
2018,Aged 35 and over,F,41,HANNAH
2018,Aged 35 and over,F,41,MOLLY
2018,Aged 35 and over,F,43,ELEANOR
2018,Aged 35 and over,F,44,IMOGEN
2018,Aged 35 and over,F,45,ELIZA
2018,Aged 35 and over,F,46,HOLLY
2018,Aged 35 and over,F,47,ESME
2018,Aged 35 and over,F,48,ROSE
2018,Aged 35 and over,F,49,SCARLETT
2018,Aged 35 and over,F,50,BEATRICE
2018,Aged 35 and over,F,51,CLARA
2018,Aged 35 and over,F,52,GEORGIA
2018,Aged 35 and over,F,53,AMELIE
2018,Aged 35 and over,F,53,ANNA
2018,Aged 35 and over,F,55,MARTHA
2018,Aged 35 and over,F,56,MARIA
2018,Aged 35 and over,F,56,ZOE
2018,Aged 35 and over,F,58,MAISIE
2018,Aged 35 and over,F,59,ABIGAIL
2018,Aged 35 and over,F,60,VIOLET
2018,Aged 35 and over,F,61,MILLIE
2018,Aged 35 and over,F,62,THEA
2018,Aged 35 and over,F,63,JASMINE
2018,Aged 35 and over,F,63,IRIS
2018,Aged 35 and over,F,65,EDITH
2018,Aged 35 and over,F,66,AMBER
2018,Aged 35 and over,F,67,ZARA
2018,Aged 35 and over,F,68,MARGOT
2018,Aged 35 and over,F,69,ROBYN
2018,Aged 35 and over,F,70,ORLA
2018,Aged 35 and over,F,71,ELLIE
2018,Aged 35 and over,F,72,LAYLA
2018,Aged 35 and over,F,73,HARPER
2018,Aged 35 and over,F,74,ANNABELLE
2018,Aged 35 and over,F,75,FRANCESCA
2018,Aged 35 and over,F,76,LUNA
2018,Aged 35 and over,F,77,MARYAM
2018,Aged 35 and over,F,78,NANCY
2018,Aged 35 and over,F,79,PENELOPE
2018,Aged 35 and over,F,80,LOTTIE
2018,Aged 35 and over,F,81,VICTORIA
2018,Aged 35 and over,F,82,ADA
2018,Aged 35 and over,F,82,ALEXANDRA
2018,Aged 35 and over,F,84,BELLA
2018,Aged 35 and over,F,85,SUMMER
2018,Aged 35 and over,F,85,ELOISE
2018,Aged 35 and over,F,87,HEIDI
2018,Aged 35 and over,F,88,LARA
2018,Aged 35 and over,F,89,SARA
2018,Aged 35 and over,F,89,MABEL
2018,Aged 35 and over,F,89,ISABEL
2018,Aged 35 and over,F,92,LOLA
2018,Aged 35 and over,F,92,SARAH
2018,Aged 35 and over,F,94,AISHA
2018,Aged 35 and over,F,95,MILA
2018,Aged 35 and over,F,96,ARIA
2018,Aged 35 and over,F,97,MEGAN
2018,Aged 35 and over,F,98,JULIA
2018,Aged 35 and over,F,98,ELODIE
2018,Aged 35 and over,F,100,EDIE
2018,Aged 35 and over,F,100,ROSA
2018,Aged 35 and over,F,104,FELICITY
2018,Aged 35 and over,F,107,LILLY
2018,Aged 35 and over,F,107,AYLA
2018,Aged 35 and over,F,111,ARABELLA
2018,Aged 35 and over,F,116,BONNIE
2018,Aged 35 and over,F,122,GRACIE
2018,Aged 35 and over,F,126,FAITH
2018,Aged 35 and over,F,128,OLIVE
2018,Aged 35 and over,F,130,AURORA
2018,Aged 35 and over,F,135,AMAYA
2018,Aged 35 and over,F,140,DARCIE
2018,Aged 35 and over,F,140,PIPPA
2018,Aged 35 and over,F,150,LEXI
2018,Aged 35 and over,F,150,DARCY
2018,Aged 35 and over,F,150,ARIANA
2018,Aged 35 and over,F,156,SAVANNAH
2018,Aged 35 and over,F,170,DELILAH
2018,Aged 35 and over,F,176,AUTUMN
2018,Aged 35 and over,F,179,LYLA
2018,Aged 35 and over,F,179,MYA
2018,Aged 35 and over,F,183,NEVAEH
2018,Aged 35 and over,F,183,MADISON
2018,Aged 35 and over,F,204,MARNIE
2018,Aged 35 and over,F,210,ANASTASIA
2018,Aged 35 and over,F,212,AALIYAH
2018,Aged 35 and over,F,222,MYLA
2018,Aged 35 and over,F,234,HOLLIE
2018,Aged 35 and over,F,238,MADDISON
2018,Aged 35 and over,F,238,SKYLAR
2019,Aged under 25,M,1,NOAH
2019,Aged under 25,M,2,LEO
2019,Aged under 25,M,3,ARCHIE
2019,Aged under 25,M,4,FREDDIE
2019,Aged under 25,M,5,OLIVER
2019,Aged under 25,M,6,OSCAR
2019,Aged under 25,M,7,ARTHUR
2019,Aged under 25,M,8,ALFIE
2019,Aged under 25,M,9,THEO
2019,Aged under 25,M,10,GEORGE
2019,Aged under 25,M,11,CHARLIE
2019,Aged under 25,M,12,LOGAN
2019,Aged under 25,M,13,HUNTER
2019,Aged under 25,M,13,TOMMY
2019,Aged under 25,M,15,MASON
2019,Aged under 25,M,16,ELIJAH
2019,Aged under 25,M,17,MUHAMMAD
2019,Aged under 25,M,18,ISAAC
2019,Aged under 25,M,19,HARRY
2019,Aged under 25,M,20,THEODORE
2019,Aged under 25,M,21,JACOB
2019,Aged under 25,M,22,LUCAS
2019,Aged under 25,M,23,RILEY
2019,Aged under 25,M,24,ARLO
2019,Aged under 25,M,25,FINLEY
2019,Aged under 25,M,26,JAXON
2019,Aged under 25,M,27,THOMAS
2019,Aged under 25,M,28,CARTER
2019,Aged under 25,M,29,REGGIE
2019,Aged under 25,M,30,ALBIE
2019,Aged under 25,M,30,HARRISON
2019,Aged under 25,M,32,LOUIE
2019,Aged under 25,M,33,TEDDY
2019,Aged under 25,M,34,HENRY
2019,Aged under 25,M,35,HARLEY
2019,Aged under 25,M,36,FRANKIE
2019,Aged under 25,M,37,MOHAMMED
2019,Aged under 25,M,38,REUBEN
2019,Aged under 25,M,38,ROMAN
2019,Aged under 25,M,40,OAKLEY
2019,Aged under 25,M,41,JAYDEN
2019,Aged under 25,M,42,JAMES
2019,Aged under 25,M,43,HARVEY
2019,Aged under 25,M,44,RONNIE
2019,Aged under 25,M,45,DAVID
2019,Aged under 25,M,46,LUCA
2019,Aged under 25,M,47,JACK
2019,Aged under 25,M,48,GRAYSON
2019,Aged under 25,M,49,ADAM
2019,Aged under 25,M,50,JENSON
2019,Aged under 25,M,51,WILLIAM
2019,Aged under 25,M,52,HUGO
2019,Aged under 25,M,53,JOSEPH
2019,Aged under 25,M,54,OLLIE
2019,Aged under 25,M,55,EZRA
2019,Aged under 25,M,56,ETHAN
2019,Aged under 25,M,57,DANIEL
2019,Aged under 25,M,57,RORY
2019,Aged under 25,M,59,BOBBY
2019,Aged under 25,M,59,EDWARD
2019,Aged under 25,M,61,CHESTER
2019,Aged under 25,M,62,JACKSON
2019,Aged under 25,M,63,ALEXANDER
2019,Aged under 25,M,64,LEVI
2019,Aged under 25,M,64,TYLER
2019,Aged under 25,M,66,KAYDEN
2019,Aged under 25,M,66,TOBY
2019,Aged under 25,M,68,JOSHUA
2019,Aged under 25,M,69,LOUIS
2019,Aged under 25,M,69,MICHAEL
2019,Aged under 25,M,71,HUDSON
2019,Aged under 25,M,72,SEBASTIAN
2019,Aged under 25,M,73,CALEB
2019,Aged under 25,M,74,BLAKE
2019,Aged under 25,M,75,ALBERT
2019,Aged under 25,M,76,ELLIS
2019,Aged under 25,M,76,MAX
2019,Aged under 25,M,78,PARKER
2019,Aged under 25,M,79,VINNIE
2019,Aged under 25,M,80,DOMINIC
2019,Aged under 25,M,80,JESSE
2019,Aged under 25,M,80,LIAM
2019,Aged under 25,M,80,ROWAN
2019,Aged under 25,M,84,BRODY
2019,Aged under 25,M,84,ELI
2019,Aged under 25,M,84,ELLIOTT
2019,Aged under 25,M,84,JAXSON
2019,Aged under 25,M,88,ZACHARY
2019,Aged under 25,M,89,KAI
2019,Aged under 25,M,90,BENJAMIN
2019,Aged under 25,M,91,SONNY
2019,Aged under 25,M,92,ELLIOT
2019,Aged under 25,M,92,STANLEY
2019,Aged under 25,M,94,LINCOLN
2019,Aged under 25,M,95,RUBEN
2019,Aged under 25,M,95,YUSUF
2019,Aged under 25,M,97,DYLAN
2019,Aged under 25,M,97,MOHAMMAD
2019,Aged under 25,M,99,BAILEY
2019,Aged under 25,M,99,JOEY
2019,Aged under 25,M,101,SAMUEL
2019,Aged under 25,M,106,GABRIEL
2019,Aged under 25,M,109,LEON
2019,Aged under 25,M,110,IBRAHIM
2019,Aged under 25,M,112,ALEX
2019,Aged under 25,M,113,JASPER
2019,Aged under 25,M,117,MILO
2019,Aged under 25,M,118,LEONARDO
2019,Aged under 25,M,118,RALPH
2019,Aged under 25,M,120,TOBIAS
2019,Aged under 25,M,124,JAKE
2019,Aged under 25,M,124,RYAN
2019,Aged under 25,M,137,CHARLES
2019,Aged under 25,M,138,NATHAN
2019,Aged under 25,M,141,FREDERICK
2019,Aged under 25,M,143,LUKE
2019,Aged under 25,M,144,AARON
2019,Aged under 25,M,144,JUDE
2019,Aged under 25,M,161,AUSTIN
2019,Aged under 25,M,177,ALFRED
2019,Aged under 25,M,189,MATTHEW
2019,Aged under 25,M,197,OTIS
2019,Aged under 25,M,224,AIDAN
2019,Aged under 25,M,229,FINN
2019,Aged under 25,M,239,RUPERT
2019,Aged under 25,M,249,NATHANIEL
2019,Aged under 25,M,249,OWEN
2019,Aged under 25,M,285,FELIX
2019,Aged under 25,M,545,FINLAY
2019,Aged under 25,M,579,MAXIMILIAN
2019,Aged 25 to 29,M,1,OLIVER
2019,Aged 25 to 29,M,2,ARTHUR
2019,Aged 25 to 29,M,3,GEORGE
2019,Aged 25 to 29,M,4,HARRY
2019,Aged 25 to 29,M,5,NOAH
2019,Aged 25 to 29,M,6,MUHAMMAD
2019,Aged 25 to 29,M,7,CHARLIE
2019,Aged 25 to 29,M,8,FREDDIE
2019,Aged 25 to 29,M,9,LEO
2019,Aged 25 to 29,M,10,OSCAR
2019,Aged 25 to 29,M,11,ALFIE
2019,Aged 25 to 29,M,11,JACOB
2019,Aged 25 to 29,M,13,ARCHIE
2019,Aged 25 to 29,M,14,JACK
2019,Aged 25 to 29,M,15,THEODORE
2019,Aged 25 to 29,M,16,THEO
2019,Aged 25 to 29,M,17,HENRY
2019,Aged 25 to 29,M,18,ISAAC
2019,Aged 25 to 29,M,19,TOMMY
2019,Aged 25 to 29,M,20,THOMAS
2019,Aged 25 to 29,M,21,TEDDY
2019,Aged 25 to 29,M,22,LOGAN
2019,Aged 25 to 29,M,23,LUCAS
2019,Aged 25 to 29,M,24,WILLIAM
2019,Aged 25 to 29,M,25,JOSHUA
2019,Aged 25 to 29,M,26,ARLO
2019,Aged 25 to 29,M,27,MOHAMMED
2019,Aged 25 to 29,M,28,LOUIE
2019,Aged 25 to 29,M,29,JAMES
2019,Aged 25 to 29,M,30,HARRISON
2019,Aged 25 to 29,M,31,FINLEY
2019,Aged 25 to 29,M,32,EDWARD
2019,Aged 25 to 29,M,32,JAXON
2019,Aged 25 to 29,M,34,ELIJAH
2019,Aged 25 to 29,M,35,ALBIE
2019,Aged 25 to 29,M,36,REGGIE
2019,Aged 25 to 29,M,37,RORY
2019,Aged 25 to 29,M,38,ADAM
2019,Aged 25 to 29,M,39,MASON
2019,Aged 25 to 29,M,40,REUBEN
2019,Aged 25 to 29,M,41,MAX
2019,Aged 25 to 29,M,42,FRANKIE
2019,Aged 25 to 29,M,43,LUCA
2019,Aged 25 to 29,M,44,ALEXANDER
2019,Aged 25 to 29,M,45,RONNIE
2019,Aged 25 to 29,M,46,HUNTER
2019,Aged 25 to 29,M,47,EZRA
2019,Aged 25 to 29,M,48,ROMAN
2019,Aged 25 to 29,M,49,HUGO
2019,Aged 25 to 29,M,50,JOSEPH
2019,Aged 25 to 29,M,51,DAVID
2019,Aged 25 to 29,M,52,ETHAN
2019,Aged 25 to 29,M,53,ALBERT
2019,Aged 25 to 29,M,54,CARTER
2019,Aged 25 to 29,M,55,ZACHARY
2019,Aged 25 to 29,M,56,BENJAMIN
2019,Aged 25 to 29,M,57,DANIEL
2019,Aged 25 to 29,M,57,SEBASTIAN
2019,Aged 25 to 29,M,59,BOBBY
2019,Aged 25 to 29,M,60,RILEY
2019,Aged 25 to 29,M,61,LOUIS
2019,Aged 25 to 29,M,62,DYLAN
2019,Aged 25 to 29,M,63,JENSON
2019,Aged 25 to 29,M,64,TOBY
2019,Aged 25 to 29,M,65,GRAYSON
2019,Aged 25 to 29,M,66,HARVEY
2019,Aged 25 to 29,M,67,JUDE
2019,Aged 25 to 29,M,68,FREDERICK
2019,Aged 25 to 29,M,69,CHESTER
2019,Aged 25 to 29,M,70,JESSE
2019,Aged 25 to 29,M,71,HARLEY
2019,Aged 25 to 29,M,72,OLLIE
2019,Aged 25 to 29,M,73,MOHAMMAD
2019,Aged 25 to 29,M,74,ELLIOT
2019,Aged 25 to 29,M,75,HUDSON
2019,Aged 25 to 29,M,76,OAKLEY
2019,Aged 25 to 29,M,77,ELLIS
2019,Aged 25 to 29,M,78,SAMUEL
2019,Aged 25 to 29,M,79,CALEB
2019,Aged 25 to 29,M,79,RUPERT
2019,Aged 25 to 29,M,81,LIAM
2019,Aged 25 to 29,M,82,STANLEY
2019,Aged 25 to 29,M,83,IBRAHIM
2019,Aged 25 to 29,M,84,MICHAEL
2019,Aged 25 to 29,M,84,YUSUF
2019,Aged 25 to 29,M,86,JACKSON
2019,Aged 25 to 29,M,87,RALPH
2019,Aged 25 to 29,M,88,JAYDEN
2019,Aged 25 to 29,M,89,JAKE
2019,Aged 25 to 29,M,90,BLAKE
2019,Aged 25 to 29,M,91,ELLIOTT
2019,Aged 25 to 29,M,92,JASPER
2019,Aged 25 to 29,M,93,ROWAN
2019,Aged 25 to 29,M,94,RYAN
2019,Aged 25 to 29,M,94,SONNY
2019,Aged 25 to 29,M,96,DOMINIC
2019,Aged 25 to 29,M,96,PARKER
2019,Aged 25 to 29,M,98,ELI
2019,Aged 25 to 29,M,99,BRODY
2019,Aged 25 to 29,M,99,LEON
2019,Aged 25 to 29,M,99,TOBIAS
2019,Aged 25 to 29,M,102,TYLER
2019,Aged 25 to 29,M,103,GABRIEL
2019,Aged 25 to 29,M,106,CHARLES
2019,Aged 25 to 29,M,108,JAXSON
2019,Aged 25 to 29,M,110,JOEY
2019,Aged 25 to 29,M,111,MATTHEW
2019,Aged 25 to 29,M,112,KAI
2019,Aged 25 to 29,M,113,NATHAN
2019,Aged 25 to 29,M,116,ALFRED
2019,Aged 25 to 29,M,116,MILO
2019,Aged 25 to 29,M,118,LINCOLN
2019,Aged 25 to 29,M,119,ALEX
2019,Aged 25 to 29,M,122,FINN
2019,Aged 25 to 29,M,124,RUBEN
2019,Aged 25 to 29,M,126,AARON
2019,Aged 25 to 29,M,126,VINNIE
2019,Aged 25 to 29,M,131,AUSTIN
2019,Aged 25 to 29,M,136,LUKE
2019,Aged 25 to 29,M,138,LEVI
2019,Aged 25 to 29,M,141,LEONARDO
2019,Aged 25 to 29,M,147,OTIS
2019,Aged 25 to 29,M,154,KAYDEN
2019,Aged 25 to 29,M,160,FELIX
2019,Aged 25 to 29,M,160,OWEN
2019,Aged 25 to 29,M,178,BAILEY
2019,Aged 25 to 29,M,184,NATHANIEL
2019,Aged 25 to 29,M,205,WILFRED
2019,Aged 25 to 29,M,215,AIDAN
2019,Aged 25 to 29,M,291,MAXIMILIAN
2019,Aged 30 to 34,M,1,GEORGE
2019,Aged 30 to 34,M,2,OLIVER
2019,Aged 30 to 34,M,3,ARTHUR
2019,Aged 30 to 34,M,4,HARRY
2019,Aged 30 to 34,M,5,JACK
2019,Aged 30 to 34,M,6,NOAH
2019,Aged 30 to 34,M,7,MUHAMMAD
2019,Aged 30 to 34,M,8,HENRY
2019,Aged 30 to 34,M,9,LEO
2019,Aged 30 to 34,M,10,OSCAR
2019,Aged 30 to 34,M,11,CHARLIE
2019,Aged 30 to 34,M,12,JACOB
2019,Aged 30 to 34,M,13,THOMAS
2019,Aged 30 to 34,M,14,WILLIAM
2019,Aged 30 to 34,M,15,JOSHUA
2019,Aged 30 to 34,M,16,ALEXANDER
2019,Aged 30 to 34,M,17,THEODORE
2019,Aged 30 to 34,M,18,EDWARD
2019,Aged 30 to 34,M,19,JAMES
2019,Aged 30 to 34,M,20,ALFIE
2019,Aged 30 to 34,M,21,FREDDIE
2019,Aged 30 to 34,M,22,THEO
2019,Aged 30 to 34,M,23,MAX
2019,Aged 30 to 34,M,24,ISAAC
2019,Aged 30 to 34,M,25,SEBASTIAN
2019,Aged 30 to 34,M,26,ARCHIE
2019,Aged 30 to 34,M,27,LUCAS
2019,Aged 30 to 34,M,28,ETHAN
2019,Aged 30 to 34,M,29,BENJAMIN
2019,Aged 30 to 34,M,30,JOSEPH
2019,Aged 30 to 34,M,31,FINLEY
2019,Aged 30 to 34,M,32,MOHAMMED
2019,Aged 30 to 34,M,33,SAMUEL
2019,Aged 30 to 34,M,34,TEDDY
2019,Aged 30 to 34,M,35,ADAM
2019,Aged 30 to 34,M,36,JUDE
2019,Aged 30 to 34,M,37,DYLAN
2019,Aged 30 to 34,M,38,DANIEL
2019,Aged 30 to 34,M,39,ARLO
2019,Aged 30 to 34,M,40,RORY
2019,Aged 30 to 34,M,40,ZACHARY
2019,Aged 30 to 34,M,42,HARRISON
2019,Aged 30 to 34,M,42,REUBEN
2019,Aged 30 to 34,M,44,LOUIS
2019,Aged 30 to 34,M,45,ALBERT
2019,Aged 30 to 34,M,46,TOMMY
2019,Aged 30 to 34,M,47,ALBIE
2019,Aged 30 to 34,M,47,HUGO
2019,Aged 30 to 34,M,49,LOUIE
2019,Aged 30 to 34,M,50,ELIJAH
2019,Aged 30 to 34,M,50,LOGAN
2019,Aged 30 to 34,M,52,LUCA
2019,Aged 30 to 34,M,53,FREDERICK
2019,Aged 30 to 34,M,53,TOBY
2019,Aged 30 to 34,M,55,EZRA
2019,Aged 30 to 34,M,56,REGGIE
2019,Aged 30 to 34,M,57,JAXON
2019,Aged 30 to 34,M,58,MASON
2019,Aged 30 to 34,M,59,DAVID
2019,Aged 30 to 34,M,60,GABRIEL
2019,Aged 30 to 34,M,60,STANLEY
2019,Aged 30 to 34,M,62,FELIX
2019,Aged 30 to 34,M,63,JESSE
2019,Aged 30 to 34,M,64,ROMAN
2019,Aged 30 to 34,M,65,FRANKIE
2019,Aged 30 to 34,M,66,RALPH
2019,Aged 30 to 34,M,67,BOBBY
2019,Aged 30 to 34,M,68,JAKE
2019,Aged 30 to 34,M,69,ELLIS
2019,Aged 30 to 34,M,70,FINN
2019,Aged 30 to 34,M,71,JASPER
2019,Aged 30 to 34,M,72,RONNIE
2019,Aged 30 to 34,M,73,ELLIOT
2019,Aged 30 to 34,M,74,LIAM
2019,Aged 30 to 34,M,74,MICHAEL
2019,Aged 30 to 34,M,74,RUPERT
2019,Aged 30 to 34,M,77,ELLIOTT
2019,Aged 30 to 34,M,78,ALFRED
2019,Aged 30 to 34,M,79,CHARLES
2019,Aged 30 to 34,M,79,HUNTER
2019,Aged 30 to 34,M,81,MOHAMMAD
2019,Aged 30 to 34,M,82,LEON
2019,Aged 30 to 34,M,83,ROWAN
2019,Aged 30 to 34,M,84,LUKE
2019,Aged 30 to 34,M,85,CARTER
2019,Aged 30 to 34,M,86,AUSTIN
2019,Aged 30 to 34,M,86,RYAN
2019,Aged 30 to 34,M,88,GRAYSON
2019,Aged 30 to 34,M,89,MATTHEW
2019,Aged 30 to 34,M,90,NATHAN
2019,Aged 30 to 34,M,91,IBRAHIM
2019,Aged 30 to 34,M,92,CALEB
2019,Aged 30 to 34,M,92,TOBIAS
2019,Aged 30 to 34,M,94,JENSON
2019,Aged 30 to 34,M,95,RILEY
2019,Aged 30 to 34,M,96,ALEX
2019,Aged 30 to 34,M,97,JAYDEN
2019,Aged 30 to 34,M,98,BLAKE
2019,Aged 30 to 34,M,99,JACKSON
2019,Aged 30 to 34,M,100,CHESTER
2019,Aged 30 to 34,M,101,ELI
2019,Aged 30 to 34,M,101,HARVEY
2019,Aged 30 to 34,M,101,HUDSON
2019,Aged 30 to 34,M,104,MILO
2019,Aged 30 to 34,M,105,AARON
2019,Aged 30 to 34,M,106,OLLIE
2019,Aged 30 to 34,M,108,SONNY
2019,Aged 30 to 34,M,110,WILFRED
2019,Aged 30 to 34,M,110,YUSUF
2019,Aged 30 to 34,M,114,HARLEY
2019,Aged 30 to 34,M,115,OTIS
2019,Aged 30 to 34,M,115,OWEN
2019,Aged 30 to 34,M,117,KAI
2019,Aged 30 to 34,M,119,DOMINIC
2019,Aged 30 to 34,M,122,NATHANIEL
2019,Aged 30 to 34,M,130,LEONARDO
2019,Aged 30 to 34,M,140,BRODY
2019,Aged 30 to 34,M,143,MAXIMILIAN
2019,Aged 30 to 34,M,147,JOEY
2019,Aged 30 to 34,M,150,RUBEN
2019,Aged 30 to 34,M,151,PARKER
2019,Aged 30 to 34,M,153,OAKLEY
2019,Aged 30 to 34,M,155,AIDAN
2019,Aged 30 to 34,M,157,FINLAY
2019,Aged 30 to 34,M,157,LINCOLN
2019,Aged 30 to 34,M,160,JAXSON
2019,Aged 30 to 34,M,164,TYLER
2019,Aged 30 to 34,M,181,LEVI
2019,Aged 30 to 34,M,186,VINNIE
2019,Aged 30 to 34,M,237,KAYDEN
2019,Aged 35 and over,M,1,OLIVER
2019,Aged 35 and over,M,2,GEORGE
2019,Aged 35 and over,M,3,JACK
2019,Aged 35 and over,M,4,THOMAS
2019,Aged 35 and over,M,5,WILLIAM
2019,Aged 35 and over,M,6,NOAH
2019,Aged 35 and over,M,7,ALEXANDER
2019,Aged 35 and over,M,8,HARRY
2019,Aged 35 and over,M,9,LEO
2019,Aged 35 and over,M,10,ARTHUR
2019,Aged 35 and over,M,11,MUHAMMAD
2019,Aged 35 and over,M,12,JAMES
2019,Aged 35 and over,M,13,HENRY
2019,Aged 35 and over,M,14,JOSHUA
2019,Aged 35 and over,M,15,SAMUEL
2019,Aged 35 and over,M,16,JACOB
2019,Aged 35 and over,M,17,BENJAMIN
2019,Aged 35 and over,M,17,OSCAR
2019,Aged 35 and over,M,19,EDWARD
2019,Aged 35 and over,M,20,CHARLIE
2019,Aged 35 and over,M,21,ETHAN
2019,Aged 35 and over,M,22,DANIEL
2019,Aged 35 and over,M,22,SEBASTIAN
2019,Aged 35 and over,M,24,JOSEPH
2019,Aged 35 and over,M,25,THEO
2019,Aged 35 and over,M,26,THEODORE
2019,Aged 35 and over,M,27,MAX
2019,Aged 35 and over,M,28,ALFIE
2019,Aged 35 and over,M,29,ISAAC
2019,Aged 35 and over,M,30,ADAM
2019,Aged 35 and over,M,31,LUCAS
2019,Aged 35 and over,M,32,MOHAMMED
2019,Aged 35 and over,M,33,FINLEY
2019,Aged 35 and over,M,34,FREDDIE
2019,Aged 35 and over,M,35,DYLAN
2019,Aged 35 and over,M,36,LOUIS
2019,Aged 35 and over,M,37,ZACHARY
2019,Aged 35 and over,M,38,HARRISON
2019,Aged 35 and over,M,39,JUDE
2019,Aged 35 and over,M,40,HUGO
2019,Aged 35 and over,M,41,GABRIEL
2019,Aged 35 and over,M,42,ALBERT
2019,Aged 35 and over,M,43,ARCHIE
2019,Aged 35 and over,M,44,LUCA
2019,Aged 35 and over,M,45,TOBY
2019,Aged 35 and over,M,46,DAVID
2019,Aged 35 and over,M,47,STANLEY
2019,Aged 35 and over,M,48,LOGAN
2019,Aged 35 and over,M,49,FREDERICK
2019,Aged 35 and over,M,50,ELIJAH
2019,Aged 35 and over,M,51,ARLO
2019,Aged 35 and over,M,52,REUBEN
2019,Aged 35 and over,M,52,RORY
2019,Aged 35 and over,M,54,FINN
2019,Aged 35 and over,M,55,FELIX
2019,Aged 35 and over,M,56,CHARLES
2019,Aged 35 and over,M,57,TEDDY
2019,Aged 35 and over,M,58,MICHAEL
2019,Aged 35 and over,M,58,MOHAMMAD
2019,Aged 35 and over,M,60,ELLIOT
2019,Aged 35 and over,M,61,LOUIE
2019,Aged 35 and over,M,61,MATTHEW
2019,Aged 35 and over,M,63,LUKE
2019,Aged 35 and over,M,64,TOMMY
2019,Aged 35 and over,M,65,LIAM
2019,Aged 35 and over,M,66,ALFRED
2019,Aged 35 and over,M,67,JAKE
2019,Aged 35 and over,M,68,ROWAN
2019,Aged 35 and over,M,69,JESSE
2019,Aged 35 and over,M,69,NATHAN
2019,Aged 35 and over,M,71,ALBIE
2019,Aged 35 and over,M,72,EZRA
2019,Aged 35 and over,M,73,MASON
2019,Aged 35 and over,M,73,ROMAN
2019,Aged 35 and over,M,75,JASPER
2019,Aged 35 and over,M,76,OWEN
2019,Aged 35 and over,M,77,JAXON
2019,Aged 35 and over,M,78,ELLIOTT
2019,Aged 35 and over,M,78,RYAN
2019,Aged 35 and over,M,80,RALPH
2019,Aged 35 and over,M,81,AARON
2019,Aged 35 and over,M,82,MAXIMILIAN
2019,Aged 35 and over,M,83,LEON
2019,Aged 35 and over,M,83,LEONARDO
2019,Aged 35 and over,M,83,MILO
2019,Aged 35 and over,M,86,ALEX
2019,Aged 35 and over,M,86,ELLIS
2019,Aged 35 and over,M,86,TOBIAS
2019,Aged 35 and over,M,89,BOBBY
2019,Aged 35 and over,M,89,FRANKIE
2019,Aged 35 and over,M,89,REGGIE
2019,Aged 35 and over,M,92,FINLAY
2019,Aged 35 and over,M,93,AUSTIN
2019,Aged 35 and over,M,93,KAI
2019,Aged 35 and over,M,95,NATHANIEL
2019,Aged 35 and over,M,95,OTIS
2019,Aged 35 and over,M,95,SONNY
2019,Aged 35 and over,M,98,AIDAN
2019,Aged 35 and over,M,99,WILFRED
2019,Aged 35 and over,M,100,IBRAHIM
2019,Aged 35 and over,M,103,CALEB
2019,Aged 35 and over,M,106,JAYDEN
2019,Aged 35 and over,M,106,RILEY
2019,Aged 35 and over,M,110,BLAKE
2019,Aged 35 and over,M,110,GRAYSON
2019,Aged 35 and over,M,110,RONNIE
2019,Aged 35 and over,M,115,YUSUF
2019,Aged 35 and over,M,118,JACKSON
2019,Aged 35 and over,M,120,HUDSON
2019,Aged 35 and over,M,120,HUNTER
2019,Aged 35 and over,M,124,RUPERT
2019,Aged 35 and over,M,128,OLLIE
2019,Aged 35 and over,M,129,CARTER
2019,Aged 35 and over,M,131,JENSON
2019,Aged 35 and over,M,136,DOMINIC
2019,Aged 35 and over,M,138,ELI
2019,Aged 35 and over,M,140,HARVEY
2019,Aged 35 and over,M,146,HARLEY
2019,Aged 35 and over,M,160,RUBEN
2019,Aged 35 and over,M,168,CHESTER
2019,Aged 35 and over,M,169,BRODY
2019,Aged 35 and over,M,179,LEVI
2019,Aged 35 and over,M,185,OAKLEY
2019,Aged 35 and over,M,190,JAXSON
2019,Aged 35 and over,M,210,TYLER
2019,Aged 35 and over,M,233,LINCOLN
2019,Aged 35 and over,M,236,PARKER
2019,Aged 35 and over,M,257,VINNIE
2019,Aged 35 and over,M,264,BAILEY
2019,Aged 35 and over,M,264,KAYDEN
2019,Aged under 25,F,1,AMELIA
2019,Aged under 25,F,2,OLIVIA
2019,Aged under 25,F,3,AVA
2019,Aged under 25,F,4,ISLA
2019,Aged under 25,F,5,MIA
2019,Aged under 25,F,6,ISABELLA
2019,Aged under 25,F,7,HARPER
2019,Aged under 25,F,8,IVY
2019,Aged under 25,F,9,LILY
2019,Aged under 25,F,10,EVIE
2019,Aged under 25,F,11,ELLA
2019,Aged under 25,F,12,WILLOW
2019,Aged under 25,F,13,FREYA
2019,Aged under 25,F,14,ELSIE
2019,Aged under 25,F,15,SOPHIA
2019,Aged under 25,F,16,POPPY
2019,Aged under 25,F,17,SCARLETT
2019,Aged under 25,F,18,GRACE
2019,Aged under 25,F,19,ROSIE
2019,Aged under 25,F,20,SOFIA
2019,Aged under 25,F,21,RUBY
2019,Aged under 25,F,22,LAYLA
2019,Aged under 25,F,23,ARIA
2019,Aged under 25,F,24,LUNA
2019,Aged under 25,F,25,ESME
2019,Aged under 25,F,26,SIENNA
2019,Aged under 25,F,27,DAISY
2019,Aged under 25,F,28,MAYA
2019,Aged under 25,F,29,ELIZA
2019,Aged under 25,F,30,DELILAH
2019,Aged under 25,F,31,MILLIE
2019,Aged under 25,F,32,LOLA
2019,Aged under 25,F,33,NEVAEH
2019,Aged under 25,F,34,BONNIE
2019,Aged under 25,F,34,EVELYN
2019,Aged under 25,F,36,BELLA
2019,Aged under 25,F,36,ISABELLE
2019,Aged under 25,F,38,PHOEBE
2019,Aged under 25,F,39,MILA
2019,Aged under 25,F,40,HALLIE
2019,Aged under 25,F,41,MAISIE
2019,Aged under 25,F,42,ESMAE
2019,Aged under 25,F,43,GRACIE
2019,Aged under 25,F,44,ARABELLA
2019,Aged under 25,F,45,AURORA
2019,Aged under 25,F,45,EMILIA
2019,Aged under 25,F,47,CHARLOTTE
2019,Aged under 25,F,48,VIOLET
2019,Aged under 25,F,49,EMILY
2019,Aged under 25,F,50,FLORENCE
2019,Aged under 25,F,51,LILLY
2019,Aged under 25,F,52,DARCIE
2019,Aged under 25,F,53,ALICE
2019,Aged under 25,F,54,MYLA
2019,Aged under 25,F,55,MATILDA
2019,Aged under 25,F,56,ELLIE
2019,Aged under 25,F,57,LOTTIE
2019,Aged under 25,F,58,PENELOPE
2019,Aged under 25,F,59,THEA
2019,Aged under 25,F,60,JESSICA
2019,Aged under 25,F,60,NELLIE
2019,Aged under 25,F,62,EVA
2019,Aged under 25,F,62,ZARA
2019,Aged under 25,F,64,NANCY
2019,Aged under 25,F,65,AMELIA-ROSE
2019,Aged under 25,F,66,AYLA
2019,Aged under 25,F,67,MADDISON
2019,Aged under 25,F,67,SKYLAR
2019,Aged under 25,F,69,MARIA
2019,Aged under 25,F,70,AALIYAH
2019,Aged under 25,F,71,LEXI
2019,Aged under 25,F,72,PAISLEY
2019,Aged under 25,F,73,IMOGEN
2019,Aged under 25,F,73,LYLA
2019,Aged under 25,F,75,AUTUMN
2019,Aged under 25,F,76,HEIDI
2019,Aged under 25,F,76,NOVA
2019,Aged under 25,F,78,ADA
2019,Aged under 25,F,79,SKYLA
2019,Aged under 25,F,80,ELIZABETH
2019,Aged under 25,F,80,LILLIE
2019,Aged under 25,F,82,ARIANA
2019,Aged under 25,F,83,ANASTASIA
2019,Aged under 25,F,84,ISLA-ROSE
2019,Aged under 25,F,84,ROBYN
2019,Aged under 25,F,86,ROSE
2019,Aged under 25,F,87,IVY-ROSE
2019,Aged under 25,F,88,SUMMER
2019,Aged under 25,F,89,AMAYA
2019,Aged under 25,F,90,ERIN
2019,Aged under 25,F,91,SARA
2019,Aged under 25,F,92,DARCY
2019,Aged under 25,F,92,MARNIE
2019,Aged under 25,F,92,SOPHIE
2019,Aged under 25,F,95,FATIMA
2019,Aged under 25,F,95,HARRIET
2019,Aged under 25,F,97,JASMINE
2019,Aged under 25,F,98,ELLA-ROSE
2019,Aged under 25,F,99,HOPE
2019,Aged under 25,F,99,MARYAM
2019,Aged under 25,F,99,MYA
2019,Aged under 25,F,103,AISHA
2019,Aged under 25,F,103,SARAH
2019,Aged under 25,F,107,MABEL
2019,Aged under 25,F,109,HOLLY
2019,Aged under 25,F,111,ANNABELLE
2019,Aged under 25,F,112,EDEN
2019,Aged under 25,F,112,ELEANOR
2019,Aged under 25,F,115,EMMA
2019,Aged under 25,F,116,AMBER
2019,Aged under 25,F,118,IRIS
2019,Aged under 25,F,129,ORLA
2019,Aged under 25,F,134,LUCY
2019,Aged under 25,F,134,MOLLY
2019,Aged under 25,F,136,CHLOE
2019,Aged under 25,F,141,ALAYNA
2019,Aged under 25,F,141,HANNAH
2019,Aged under 25,F,145,LARA
2019,Aged under 25,F,157,FRANCESCA
2019,Aged under 25,F,166,GEORGIA
2019,Aged under 25,F,169,ABIGAIL
2019,Aged under 25,F,169,CLARA
2019,Aged under 25,F,169,FELICITY
2019,Aged under 25,F,169,PIPPA
2019,Aged under 25,F,169,VICTORIA
2019,Aged under 25,F,184,ANNIE
2019,Aged under 25,F,189,ANNA
2019,Aged under 25,F,193,BEATRICE
2019,Aged under 25,F,203,AMELIE
2019,Aged under 25,F,221,ELODIE
2019,Aged 25 to 29,F,1,OLIVIA
2019,Aged 25 to 29,F,2,AMELIA
2019,Aged 25 to 29,F,3,ISLA
2019,Aged 25 to 29,F,4,MIA
2019,Aged 25 to 29,F,5,AVA
2019,Aged 25 to 29,F,6,ROSIE
2019,Aged 25 to 29,F,7,IVY
2019,Aged 25 to 29,F,8,GRACE
2019,Aged 25 to 29,F,9,LILY
2019,Aged 25 to 29,F,10,POPPY
2019,Aged 25 to 29,F,11,FREYA
2019,Aged 25 to 29,F,12,ISABELLA
2019,Aged 25 to 29,F,13,EVIE
2019,Aged 25 to 29,F,14,WILLOW
2019,Aged 25 to 29,F,15,SOPHIA
2019,Aged 25 to 29,F,16,ELSIE
2019,Aged 25 to 29,F,17,ELLA
2019,Aged 25 to 29,F,18,HARPER
2019,Aged 25 to 29,F,19,EMILY
2019,Aged 25 to 29,F,20,PHOEBE
2019,Aged 25 to 29,F,21,FLORENCE
2019,Aged 25 to 29,F,22,EVELYN
2019,Aged 25 to 29,F,23,DAISY
2019,Aged 25 to 29,F,24,SOFIA
2019,Aged 25 to 29,F,25,RUBY
2019,Aged 25 to 29,F,26,SIENNA
2019,Aged 25 to 29,F,27,ISABELLE
2019,Aged 25 to 29,F,28,ALICE
2019,Aged 25 to 29,F,29,LUNA
2019,Aged 25 to 29,F,29,MILLIE
2019,Aged 25 to 29,F,31,HALLIE
2019,Aged 25 to 29,F,32,PENELOPE
2019,Aged 25 to 29,F,33,EMILIA
2019,Aged 25 to 29,F,34,MAISIE
2019,Aged 25 to 29,F,35,CHARLOTTE
2019,Aged 25 to 29,F,36,ARIA
2019,Aged 25 to 29,F,37,MATILDA
2019,Aged 25 to 29,F,38,ELIZA
2019,Aged 25 to 29,F,39,EVA
2019,Aged 25 to 29,F,40,MILA
2019,Aged 25 to 29,F,41,MAYA
2019,Aged 25 to 29,F,42,SOPHIE
2019,Aged 25 to 29,F,43,SCARLETT
2019,Aged 25 to 29,F,44,JESSICA
2019,Aged 25 to 29,F,45,LAYLA
2019,Aged 25 to 29,F,46,VIOLET
2019,Aged 25 to 29,F,47,BONNIE
2019,Aged 25 to 29,F,47,THEA
2019,Aged 25 to 29,F,49,IMOGEN
2019,Aged 25 to 29,F,50,BELLA
2019,Aged 25 to 29,F,51,LOTTIE
2019,Aged 25 to 29,F,52,ADA
2019,Aged 25 to 29,F,53,LOLA
2019,Aged 25 to 29,F,54,AURORA
2019,Aged 25 to 29,F,54,ELLIE
2019,Aged 25 to 29,F,56,NANCY
2019,Aged 25 to 29,F,57,ESME
2019,Aged 25 to 29,F,58,GRACIE
2019,Aged 25 to 29,F,59,DARCIE
2019,Aged 25 to 29,F,60,DELILAH
2019,Aged 25 to 29,F,61,HARRIET
2019,Aged 25 to 29,F,62,ARABELLA
2019,Aged 25 to 29,F,63,CHLOE
2019,Aged 25 to 29,F,64,MOLLY
2019,Aged 25 to 29,F,65,ELEANOR
2019,Aged 25 to 29,F,66,LILLY
2019,Aged 25 to 29,F,67,ERIN
2019,Aged 25 to 29,F,67,MARIA
2019,Aged 25 to 29,F,69,HOLLY
2019,Aged 25 to 29,F,69,ROSE
2019,Aged 25 to 29,F,71,ROBYN
2019,Aged 25 to 29,F,72,AYLA
2019,Aged 25 to 29,F,73,MARYAM
2019,Aged 25 to 29,F,73,ZARA
2019,Aged 25 to 29,F,75,NELLIE
2019,Aged 25 to 29,F,76,ELIZABETH
2019,Aged 25 to 29,F,76,ORLA
2019,Aged 25 to 29,F,78,JASMINE
2019,Aged 25 to 29,F,79,LUCY
2019,Aged 25 to 29,F,80,EMMA
2019,Aged 25 to 29,F,81,MYLA
2019,Aged 25 to 29,F,82,LYLA
2019,Aged 25 to 29,F,83,SARA
2019,Aged 25 to 29,F,84,HANNAH
2019,Aged 25 to 29,F,85,ESMAE
2019,Aged 25 to 29,F,86,SUMMER
2019,Aged 25 to 29,F,87,AMBER
2019,Aged 25 to 29,F,88,DARCY
2019,Aged 25 to 29,F,89,GEORGIA
2019,Aged 25 to 29,F,90,AISHA
2019,Aged 25 to 29,F,90,FELICITY
2019,Aged 25 to 29,F,92,MADDISON
2019,Aged 25 to 29,F,93,EDEN
2019,Aged 25 to 29,F,93,PIPPA
2019,Aged 25 to 29,F,95,ALAYNA
2019,Aged 25 to 29,F,95,IRIS
2019,Aged 25 to 29,F,97,AMAYA
2019,Aged 25 to 29,F,97,ANNABELLE
2019,Aged 25 to 29,F,97,EDIE
2019,Aged 25 to 29,F,100,SARAH
2019,Aged 25 to 29,F,101,HEIDI
2019,Aged 25 to 29,F,102,NEVAEH
2019,Aged 25 to 29,F,104,AMELIE
2019,Aged 25 to 29,F,105,ABIGAIL
2019,Aged 25 to 29,F,107,LARA
2019,Aged 25 to 29,F,108,MARGOT
2019,Aged 25 to 29,F,110,MABEL
2019,Aged 25 to 29,F,110,VICTORIA
2019,Aged 25 to 29,F,112,ARIANA
2019,Aged 25 to 29,F,113,FATIMA
2019,Aged 25 to 29,F,114,CLARA
2019,Aged 25 to 29,F,116,OLIVE
2019,Aged 25 to 29,F,117,ANASTASIA
2019,Aged 25 to 29,F,117,FRANCESCA
2019,Aged 25 to 29,F,119,EDITH
2019,Aged 25 to 29,F,121,MYA
2019,Aged 25 to 29,F,121,PAISLEY
2019,Aged 25 to 29,F,126,ANNA
2019,Aged 25 to 29,F,126,AUTUMN
2019,Aged 25 to 29,F,126,ELODIE
2019,Aged 25 to 29,F,129,BEATRICE
2019,Aged 25 to 29,F,133,ZOE
2019,Aged 25 to 29,F,135,MARNIE
2019,Aged 25 to 29,F,137,AALIYAH
2019,Aged 25 to 29,F,137,ANNIE
2019,Aged 25 to 29,F,140,HOPE
2019,Aged 25 to 29,F,141,LEXI
2019,Aged 25 to 29,F,141,LILLIE
2019,Aged 25 to 29,F,141,MARTHA
2019,Aged 25 to 29,F,153,NOVA
2019,Aged 30 to 34,F,1,OLIVIA
2019,Aged 30 to 34,F,2,AMELIA
2019,Aged 30 to 34,F,3,ISLA
2019,Aged 30 to 34,F,4,AVA
2019,Aged 30 to 34,F,5,EMILY
2019,Aged 30 to 34,F,6,SOPHIA
2019,Aged 30 to 34,F,7,FLORENCE
2019,Aged 30 to 34,F,8,GRACE
2019,Aged 30 to 34,F,9,FREYA
2019,Aged 30 to 34,F,9,SOPHIE
2019,Aged 30 to 34,F,11,ISABELLA
2019,Aged 30 to 34,F,12,LILY
2019,Aged 30 to 34,F,13,CHARLOTTE
2019,Aged 30 to 34,F,14,MIA
2019,Aged 30 to 34,F,15,IVY
2019,Aged 30 to 34,F,16,EVELYN
2019,Aged 30 to 34,F,17,ROSIE
2019,Aged 30 to 34,F,18,POPPY
2019,Aged 30 to 34,F,19,ALICE
2019,Aged 30 to 34,F,20,PHOEBE
2019,Aged 30 to 34,F,21,ELLA
2019,Aged 30 to 34,F,22,EVIE
2019,Aged 30 to 34,F,23,WILLOW
2019,Aged 30 to 34,F,24,MATILDA
2019,Aged 30 to 34,F,25,SIENNA
2019,Aged 30 to 34,F,26,ISABELLE
2019,Aged 30 to 34,F,27,JESSICA
2019,Aged 30 to 34,F,28,ELSIE
2019,Aged 30 to 34,F,29,RUBY
2019,Aged 30 to 34,F,30,EMILIA
2019,Aged 30 to 34,F,31,EVA
2019,Aged 30 to 34,F,32,SOFIA
2019,Aged 30 to 34,F,33,CHLOE
2019,Aged 30 to 34,F,34,DAISY
2019,Aged 30 to 34,F,35,IMOGEN
2019,Aged 30 to 34,F,36,ADA
2019,Aged 30 to 34,F,37,PENELOPE
2019,Aged 30 to 34,F,38,MAYA
2019,Aged 30 to 34,F,39,HARPER
2019,Aged 30 to 34,F,40,ELEANOR
2019,Aged 30 to 34,F,41,HARRIET
2019,Aged 30 to 34,F,42,ELIZA
2019,Aged 30 to 34,F,43,THEA
2019,Aged 30 to 34,F,44,ESME
2019,Aged 30 to 34,F,45,MILLIE
2019,Aged 30 to 34,F,46,ERIN
2019,Aged 30 to 34,F,47,MAISIE
2019,Aged 30 to 34,F,48,ARIA
2019,Aged 30 to 34,F,48,MOLLY
2019,Aged 30 to 34,F,50,ROSE
2019,Aged 30 to 34,F,51,ELIZABETH
2019,Aged 30 to 34,F,52,EMMA
2019,Aged 30 to 34,F,53,LUCY
2019,Aged 30 to 34,F,54,LUNA
2019,Aged 30 to 34,F,55,VIOLET
2019,Aged 30 to 34,F,56,ROBYN
2019,Aged 30 to 34,F,57,MILA
2019,Aged 30 to 34,F,58,LAYLA
2019,Aged 30 to 34,F,59,HANNAH
2019,Aged 30 to 34,F,60,BELLA
2019,Aged 30 to 34,F,61,GEORGIA
2019,Aged 30 to 34,F,62,JASMINE
2019,Aged 30 to 34,F,62,SCARLETT
2019,Aged 30 to 34,F,64,AMELIE
2019,Aged 30 to 34,F,65,EDITH
2019,Aged 30 to 34,F,66,ORLA
2019,Aged 30 to 34,F,67,HOLLY
2019,Aged 30 to 34,F,68,NANCY
2019,Aged 30 to 34,F,69,MARIA
2019,Aged 30 to 34,F,69,ZARA
2019,Aged 30 to 34,F,71,AMBER
2019,Aged 30 to 34,F,72,ANNA
2019,Aged 30 to 34,F,73,HALLIE
2019,Aged 30 to 34,F,74,LOLA
2019,Aged 30 to 34,F,75,ANNABELLE
2019,Aged 30 to 34,F,75,ELLIE
2019,Aged 30 to 34,F,77,BEATRICE
2019,Aged 30 to 34,F,78,BONNIE
2019,Aged 30 to 34,F,78,CLARA
2019,Aged 30 to 34,F,78,MARGOT
2019,Aged 30 to 34,F,81,IRIS
2019,Aged 30 to 34,F,82,ABIGAIL
2019,Aged 30 to 34,F,83,LOTTIE
2019,Aged 30 to 34,F,84,ARABELLA
2019,Aged 30 to 34,F,85,HEIDI
2019,Aged 30 to 34,F,86,FELICITY
2019,Aged 30 to 34,F,87,ZOE
2019,Aged 30 to 34,F,88,MARYAM
2019,Aged 30 to 34,F,89,MARTHA
2019,Aged 30 to 34,F,90,LARA
2019,Aged 30 to 34,F,91,AURORA
2019,Aged 30 to 34,F,92,SUMMER
2019,Aged 30 to 34,F,93,OLIVE
2019,Aged 30 to 34,F,94,SARA
2019,Aged 30 to 34,F,95,MABEL
2019,Aged 30 to 34,F,96,VICTORIA
2019,Aged 30 to 34,F,97,AYLA
2019,Aged 30 to 34,F,98,EDIE
2019,Aged 30 to 34,F,99,ANNIE
2019,Aged 30 to 34,F,99,DARCIE
2019,Aged 30 to 34,F,101,ALEXANDRA
2019,Aged 30 to 34,F,101,ELODIE
2019,Aged 30 to 34,F,104,GRACIE
2019,Aged 30 to 34,F,107,DELILAH
2019,Aged 30 to 34,F,107,LYLA
2019,Aged 30 to 34,F,109,AMAYA
2019,Aged 30 to 34,F,111,EDEN
2019,Aged 30 to 34,F,112,FATIMA
2019,Aged 30 to 34,F,114,AISHA
2019,Aged 30 to 34,F,115,FRANCESCA
2019,Aged 30 to 34,F,115,LILLY
2019,Aged 30 to 34,F,119,PIPPA
2019,Aged 30 to 34,F,119,SARAH
2019,Aged 30 to 34,F,123,DARCY
2019,Aged 30 to 34,F,124,ISABEL
2019,Aged 30 to 34,F,127,HOPE
2019,Aged 30 to 34,F,132,ARIANA
2019,Aged 30 to 34,F,137,SADIE
2019,Aged 30 to 34,F,145,MADDISON
2019,Aged 30 to 34,F,149,MYA
2019,Aged 30 to 34,F,149,MYLA
2019,Aged 30 to 34,F,152,AUTUMN
2019,Aged 30 to 34,F,157,MARNIE
2019,Aged 30 to 34,F,164,LEXI
2019,Aged 30 to 34,F,172,ANASTASIA
2019,Aged 30 to 34,F,182,ESMAE
2019,Aged 30 to 34,F,189,AALIYAH
2019,Aged 30 to 34,F,189,ALAYNA
2019,Aged 30 to 34,F,189,NELLIE
2019,Aged 30 to 34,F,189,PAISLEY
2019,Aged 35 and over,F,1,OLIVIA
2019,Aged 35 and over,F,2,CHARLOTTE
2019,Aged 35 and over,F,3,EMILY
2019,Aged 35 and over,F,4,AMELIA
2019,Aged 35 and over,F,5,ISLA
2019,Aged 35 and over,F,6,AVA
2019,Aged 35 and over,F,7,SOPHIA
2019,Aged 35 and over,F,8,SOPHIE
2019,Aged 35 and over,F,9,GRACE
2019,Aged 35 and over,F,10,ISABELLA
2019,Aged 35 and over,F,11,FLORENCE
2019,Aged 35 and over,F,12,MIA
2019,Aged 35 and over,F,13,FREYA
2019,Aged 35 and over,F,14,ELLA
2019,Aged 35 and over,F,15,LILY
2019,Aged 35 and over,F,16,JESSICA
2019,Aged 35 and over,F,17,ALICE
2019,Aged 35 and over,F,18,SOFIA
2019,Aged 35 and over,F,19,MATILDA
2019,Aged 35 and over,F,20,CHLOE
2019,Aged 35 and over,F,21,MAYA
2019,Aged 35 and over,F,22,SIENNA
2019,Aged 35 and over,F,23,ISABELLE
2019,Aged 35 and over,F,23,POPPY
2019,Aged 35 and over,F,25,RUBY
2019,Aged 35 and over,F,26,EMILIA
2019,Aged 35 and over,F,27,EVIE
2019,Aged 35 and over,F,28,WILLOW
2019,Aged 35 and over,F,29,PHOEBE
2019,Aged 35 and over,F,30,DAISY
2019,Aged 35 and over,F,31,IVY
2019,Aged 35 and over,F,32,ROSIE
2019,Aged 35 and over,F,33,EVELYN
2019,Aged 35 and over,F,34,EVA
2019,Aged 35 and over,F,35,HARRIET
2019,Aged 35 and over,F,36,EMMA
2019,Aged 35 and over,F,37,LUCY
2019,Aged 35 and over,F,38,ELIZABETH
2019,Aged 35 and over,F,39,ELEANOR
2019,Aged 35 and over,F,39,ELSIE
2019,Aged 35 and over,F,39,ERIN
2019,Aged 35 and over,F,42,ROSE
2019,Aged 35 and over,F,43,MOLLY
2019,Aged 35 and over,F,44,HANNAH
2019,Aged 35 and over,F,45,THEA
2019,Aged 35 and over,F,46,ESME
2019,Aged 35 and over,F,47,ELIZA
2019,Aged 35 and over,F,48,IMOGEN
2019,Aged 35 and over,F,49,ANNA
2019,Aged 35 and over,F,50,ABIGAIL
2019,Aged 35 and over,F,51,ZARA
2019,Aged 35 and over,F,52,HOLLY
2019,Aged 35 and over,F,53,MAISIE
2019,Aged 35 and over,F,54,ADA
2019,Aged 35 and over,F,54,AMELIE
2019,Aged 35 and over,F,56,IRIS
2019,Aged 35 and over,F,56,MARTHA
2019,Aged 35 and over,F,58,LUNA
2019,Aged 35 and over,F,58,MILLIE
2019,Aged 35 and over,F,60,GEORGIA
2019,Aged 35 and over,F,60,SCARLETT
2019,Aged 35 and over,F,62,JASMINE
2019,Aged 35 and over,F,63,ZOE
2019,Aged 35 and over,F,64,MARIA
2019,Aged 35 and over,F,65,BEATRICE
2019,Aged 35 and over,F,66,AMBER
2019,Aged 35 and over,F,67,PENELOPE
2019,Aged 35 and over,F,68,ROBYN
2019,Aged 35 and over,F,69,HARPER
2019,Aged 35 and over,F,70,VIOLET
2019,Aged 35 and over,F,71,EDITH
2019,Aged 35 and over,F,72,CLARA
2019,Aged 35 and over,F,73,ARIA
2019,Aged 35 and over,F,74,BELLA
2019,Aged 35 and over,F,74,FRANCESCA
2019,Aged 35 and over,F,74,MARGOT
2019,Aged 35 and over,F,77,MILA
2019,Aged 35 and over,F,78,ORLA
2019,Aged 35 and over,F,79,ANNABELLE
2019,Aged 35 and over,F,80,ELLIE
2019,Aged 35 and over,F,81,NANCY
2019,Aged 35 and over,F,82,LOLA
2019,Aged 35 and over,F,83,LARA
2019,Aged 35 and over,F,83,SARA
2019,Aged 35 and over,F,85,LAYLA
2019,Aged 35 and over,F,86,MARYAM
2019,Aged 35 and over,F,87,ELODIE
2019,Aged 35 and over,F,88,VICTORIA
2019,Aged 35 and over,F,89,MABEL
2019,Aged 35 and over,F,90,ALEXANDRA
2019,Aged 35 and over,F,90,BONNIE
2019,Aged 35 and over,F,92,LOTTIE
2019,Aged 35 and over,F,93,AYLA
2019,Aged 35 and over,F,94,ISABEL
2019,Aged 35 and over,F,95,HEIDI
2019,Aged 35 and over,F,96,SADIE
2019,Aged 35 and over,F,97,AISHA
2019,Aged 35 and over,F,98,ARABELLA
2019,Aged 35 and over,F,99,ANNIE
2019,Aged 35 and over,F,99,EDIE
2019,Aged 35 and over,F,99,SARAH
2019,Aged 35 and over,F,104,SUMMER
2019,Aged 35 and over,F,106,AURORA
2019,Aged 35 and over,F,106,FATIMA
2019,Aged 35 and over,F,108,OLIVE
2019,Aged 35 and over,F,111,FELICITY
2019,Aged 35 and over,F,118,EDEN
2019,Aged 35 and over,F,119,GRACIE
2019,Aged 35 and over,F,120,DARCIE
2019,Aged 35 and over,F,125,HOPE
2019,Aged 35 and over,F,129,LILLY
2019,Aged 35 and over,F,135,LYLA
2019,Aged 35 and over,F,154,PIPPA
2019,Aged 35 and over,F,156,AMAYA
2019,Aged 35 and over,F,173,AUTUMN
2019,Aged 35 and over,F,173,LEXI
2019,Aged 35 and over,F,182,DELILAH
2019,Aged 35 and over,F,185,ARIANA
2019,Aged 35 and over,F,185,NEVAEH
2019,Aged 35 and over,F,187,DARCY
2019,Aged 35 and over,F,189,MYA
2019,Aged 35 and over,F,193,HALLIE
2019,Aged 35 and over,F,193,MYLA
2019,Aged 35 and over,F,215,ANASTASIA
2019,Aged 35 and over,F,219,AALIYAH
2019,Aged 35 and over,F,221,SKYLAR
2019,Aged 35 and over,F,234,ESMAE
2019,Aged 35 and over,F,234,MADDISON
2019,Aged 35 and over,F,239,NELLIE
2019,Aged 35 and over,F,251,ALAYNA
2020,Aged under 25,M,1,NOAH
2020,Aged under 25,M,2,ARCHIE
2020,Aged under 25,M,3,LEO
2020,Aged under 25,M,4,ARTHUR
2020,Aged under 25,M,5,THEO
2020,Aged under 25,M,6,TOMMY
2020,Aged under 25,M,7,FREDDIE
2020,Aged under 25,M,8,OLIVER
2020,Aged under 25,M,9,OSCAR
2020,Aged under 25,M,10,FINLEY
2020,Aged under 25,M,11,ELIJAH
2020,Aged under 25,M,12,ALFIE
2020,Aged under 25,M,13,MUHAMMAD
2020,Aged under 25,M,14,GEORGE
2020,Aged under 25,M,15,ARLO
2020,Aged under 25,M,16,HUNTER
2020,Aged under 25,M,17,THEODORE
2020,Aged under 25,M,18,MASON
2020,Aged under 25,M,19,LOGAN
2020,Aged under 25,M,20,CHARLIE
2020,Aged under 25,M,21,ROMAN
2020,Aged under 25,M,22,LUCAS
2020,Aged under 25,M,23,ISAAC
2020,Aged under 25,M,24,REGGIE
2020,Aged under 25,M,25,RILEY
2020,Aged under 25,M,26,CARTER
2020,Aged under 25,M,27,THOMAS
2020,Aged under 25,M,28,HARRY
2020,Aged under 25,M,29,JACOB
2020,Aged under 25,M,30,JAXON
2020,Aged under 25,M,31,RONNIE
2020,Aged under 25,M,32,ALBIE
2020,Aged under 25,M,33,HARRISON
2020,Aged under 25,M,34,MOHAMMED
2020,Aged under 25,M,35,TEDDY
2020,Aged under 25,M,36,HENRY
2020,Aged under 25,M,37,GRAYSON
2020,Aged under 25,M,38,LUCA
2020,Aged under 25,M,39,OAKLEY
2020,Aged under 25,M,40,FRANKIE
2020,Aged under 25,M,40,HUDSON
2020,Aged under 25,M,42,LOUIE
2020,Aged under 25,M,43,JAMES
2020,Aged under 25,M,44,REUBEN
2020,Aged under 25,M,45,HUGO
2020,Aged under 25,M,46,HARLEY
2020,Aged under 25,M,47,WILLIAM
2020,Aged under 25,M,48,ADAM
2020,Aged under 25,M,49,EZRA
2020,Aged under 25,M,50,DAVID
2020,Aged under 25,M,50,JACK
2020,Aged under 25,M,52,CHESTER
2020,Aged under 25,M,52,HARVEY
2020,Aged under 25,M,54,JAYDEN
2020,Aged under 25,M,55,RORY
2020,Aged under 25,M,56,JOSEPH
2020,Aged under 25,M,57,JENSON
2020,Aged under 25,M,58,OLLIE
2020,Aged under 25,M,59,EDWARD
2020,Aged under 25,M,59,JACKSON
2020,Aged under 25,M,59,KAYDEN
2020,Aged under 25,M,62,VINNIE
2020,Aged under 25,M,63,MYLES
2020,Aged under 25,M,64,LEVI
2020,Aged under 25,M,65,BLAKE
2020,Aged under 25,M,65,JAXSON
2020,Aged under 25,M,67,MICHAEL
2020,Aged under 25,M,68,BOBBY
2020,Aged under 25,M,69,CODY
2020,Aged under 25,M,70,CALEB
2020,Aged under 25,M,70,JOSHUA
2020,Aged under 25,M,70,ROWAN
2020,Aged under 25,M,73,SONNY
2020,Aged under 25,M,74,ALBERT
2020,Aged under 25,M,74,SEBASTIAN
2020,Aged under 25,M,76,ALEXANDER
2020,Aged under 25,M,76,DOMINIC
2020,Aged under 25,M,76,MILO
2020,Aged under 25,M,79,ETHAN
2020,Aged under 25,M,80,KAI
2020,Aged under 25,M,81,JOEY
2020,Aged under 25,M,81,KEVIN
2020,Aged under 25,M,83,DANIEL
2020,Aged under 25,M,83,PARKER
2020,Aged under 25,M,85,PATRICK
2020,Aged under 25,M,86,ELLIOT
2020,Aged under 25,M,87,TYLER
2020,Aged under 25,M,88,ELI
2020,Aged under 25,M,88,MOHAMMAD
2020,Aged under 25,M,90,BRODY
2020,Aged under 25,M,91,ELIAS
2020,Aged under 25,M,92,LOUIS
2020,Aged under 25,M,93,LINCOLN
2020,Aged under 25,M,93,TOBY
2020,Aged under 25,M,95,MARLEY
2020,Aged under 25,M,96,ELLIOTT
2020,Aged under 25,M,96,JAX
2020,Aged under 25,M,96,LORENZO
2020,Aged under 25,M,99,BENJAMIN
2020,Aged under 25,M,100,BILLY
2020,Aged under 25,M,101,GABRIEL
2020,Aged under 25,M,102,LEON
2020,Aged under 25,M,102,ZACHARY
2020,Aged under 25,M,104,DYLAN
2020,Aged under 25,M,107,JESSE
2020,Aged under 25,M,107,YUSUF
2020,Aged under 25,M,110,SAMUEL
2020,Aged under 25,M,111,MAX
2020,Aged under 25,M,112,ELLIS
2020,Aged under 25,M,112,LIAM
2020,Aged under 25,M,116,JUDE
2020,Aged under 25,M,118,TOBIAS
2020,Aged under 25,M,120,RYAN
2020,Aged under 25,M,124,IBRAHIM
2020,Aged under 25,M,125,STANLEY
2020,Aged under 25,M,128,RALPH
2020,Aged under 25,M,131,ALEX
2020,Aged under 25,M,137,MUSA
2020,Aged under 25,M,141,AUSTIN
2020,Aged under 25,M,141,JASPER
2020,Aged under 25,M,160,AARON
2020,Aged under 25,M,160,FREDERICK
2020,Aged under 25,M,160,JAKE
2020,Aged under 25,M,166,LUKE
2020,Aged under 25,M,168,NATHAN
2020,Aged under 25,M,172,OTIS
2020,Aged under 25,M,179,CHARLES
2020,Aged under 25,M,184,AIDEN
2020,Aged under 25,M,184,FELIX
2020,Aged under 25,M,184,MATTHEW
2020,Aged 25 to 29,M,1,ARTHUR
2020,Aged 25 to 29,M,2,OLIVER
2020,Aged 25 to 29,M,3,GEORGE
2020,Aged 25 to 29,M,4,MUHAMMAD
2020,Aged 25 to 29,M,5,NOAH
2020,Aged 25 to 29,M,6,FREDDIE
2020,Aged 25 to 29,M,7,ARCHIE
2020,Aged 25 to 29,M,8,HARRY
2020,Aged 25 to 29,M,9,LEO
2020,Aged 25 to 29,M,10,OSCAR
2020,Aged 25 to 29,M,11,FINLEY
2020,Aged 25 to 29,M,12,CHARLIE
2020,Aged 25 to 29,M,13,THEODORE
2020,Aged 25 to 29,M,14,THEO
2020,Aged 25 to 29,M,15,HENRY
2020,Aged 25 to 29,M,16,TOMMY
2020,Aged 25 to 29,M,17,ALFIE
2020,Aged 25 to 29,M,18,ROMAN
2020,Aged 25 to 29,M,19,JACK
2020,Aged 25 to 29,M,20,JACOB
2020,Aged 25 to 29,M,21,TEDDY
2020,Aged 25 to 29,M,22,THOMAS
2020,Aged 25 to 29,M,23,ARLO
2020,Aged 25 to 29,M,24,ISAAC
2020,Aged 25 to 29,M,25,LUCAS
2020,Aged 25 to 29,M,26,ALBIE
2020,Aged 25 to 29,M,27,MOHAMMED
2020,Aged 25 to 29,M,28,LOGAN
2020,Aged 25 to 29,M,29,WILLIAM
2020,Aged 25 to 29,M,30,LOUIE
2020,Aged 25 to 29,M,31,ELIJAH
2020,Aged 25 to 29,M,32,MASON
2020,Aged 25 to 29,M,33,HARRISON
2020,Aged 25 to 29,M,33,RORY
2020,Aged 25 to 29,M,35,REGGIE
2020,Aged 25 to 29,M,36,JAXON
2020,Aged 25 to 29,M,37,REUBEN
2020,Aged 25 to 29,M,38,JAMES
2020,Aged 25 to 29,M,39,RONNIE
2020,Aged 25 to 29,M,40,EDWARD
2020,Aged 25 to 29,M,41,MAX
2020,Aged 25 to 29,M,42,FRANKIE
2020,Aged 25 to 29,M,43,HUNTER
2020,Aged 25 to 29,M,43,EZRA
2020,Aged 25 to 29,M,45,ADAM
2020,Aged 25 to 29,M,46,JOSHUA
2020,Aged 25 to 29,M,47,LUCA
2020,Aged 25 to 29,M,48,ALEXANDER
2020,Aged 25 to 29,M,49,DAVID
2020,Aged 25 to 29,M,50,ALBERT
2020,Aged 25 to 29,M,51,CARTER
2020,Aged 25 to 29,M,52,JOSEPH
2020,Aged 25 to 29,M,53,JUDE
2020,Aged 25 to 29,M,54,LOUIS
2020,Aged 25 to 29,M,55,HUGO
2020,Aged 25 to 29,M,55,ZACHARY
2020,Aged 25 to 29,M,57,JENSON
2020,Aged 25 to 29,M,57,ETHAN
2020,Aged 25 to 29,M,59,HUDSON
2020,Aged 25 to 29,M,60,BOBBY
2020,Aged 25 to 29,M,61,SEBASTIAN
2020,Aged 25 to 29,M,62,JESSE
2020,Aged 25 to 29,M,63,GRAYSON
2020,Aged 25 to 29,M,64,CHESTER
2020,Aged 25 to 29,M,64,HARVEY
2020,Aged 25 to 29,M,66,OAKLEY
2020,Aged 25 to 29,M,66,BENJAMIN
2020,Aged 25 to 29,M,68,DYLAN
2020,Aged 25 to 29,M,69,RILEY
2020,Aged 25 to 29,M,70,DANIEL
2020,Aged 25 to 29,M,70,MOHAMMAD
2020,Aged 25 to 29,M,72,YUSUF
2020,Aged 25 to 29,M,73,TOBY
2020,Aged 25 to 29,M,73,FREDERICK
2020,Aged 25 to 29,M,75,OLLIE
2020,Aged 25 to 29,M,76,SONNY
2020,Aged 25 to 29,M,77,HARLEY
2020,Aged 25 to 29,M,77,IBRAHIM
2020,Aged 25 to 29,M,79,MYLES
2020,Aged 25 to 29,M,80,VINNIE
2020,Aged 25 to 29,M,81,MICHAEL
2020,Aged 25 to 29,M,81,SAMUEL
2020,Aged 25 to 29,M,83,MUSA
2020,Aged 25 to 29,M,84,ROWAN
2020,Aged 25 to 29,M,85,STANLEY
2020,Aged 25 to 29,M,86,CALEB
2020,Aged 25 to 29,M,86,LIAM
2020,Aged 25 to 29,M,88,JASPER
2020,Aged 25 to 29,M,89,BLAKE
2020,Aged 25 to 29,M,89,ELLIOTT
2020,Aged 25 to 29,M,91,ELLIS
2020,Aged 25 to 29,M,91,RUPERT
2020,Aged 25 to 29,M,93,MILO
2020,Aged 25 to 29,M,93,RALPH
2020,Aged 25 to 29,M,95,JACKSON
2020,Aged 25 to 29,M,95,KAI
2020,Aged 25 to 29,M,97,LEON
2020,Aged 25 to 29,M,98,BILLY
2020,Aged 25 to 29,M,99,JAYDEN
2020,Aged 25 to 29,M,100,DOMINIC
2020,Aged 25 to 29,M,101,JAXSON
2020,Aged 25 to 29,M,101,JAX
2020,Aged 25 to 29,M,103,ELLIOT
2020,Aged 25 to 29,M,103,GABRIEL
2020,Aged 25 to 29,M,105,ELI
2020,Aged 25 to 29,M,106,ELIAS
2020,Aged 25 to 29,M,106,TOBIAS
2020,Aged 25 to 29,M,108,RYAN
2020,Aged 25 to 29,M,109,FINN
2020,Aged 25 to 29,M,110,PARKER
2020,Aged 25 to 29,M,111,BRODY
2020,Aged 25 to 29,M,111,ALEX
2020,Aged 25 to 29,M,114,MARLEY
2020,Aged 25 to 29,M,115,JOEY
2020,Aged 25 to 29,M,117,FELIX
2020,Aged 25 to 29,M,117,ALFRED
2020,Aged 25 to 29,M,121,CHARLES
2020,Aged 25 to 29,M,122,AUSTIN
2020,Aged 25 to 29,M,122,NATHAN
2020,Aged 25 to 29,M,124,LEVI
2020,Aged 25 to 29,M,124,OTIS
2020,Aged 25 to 29,M,128,LINCOLN
2020,Aged 25 to 29,M,131,PATRICK
2020,Aged 25 to 29,M,131,TYLER
2020,Aged 25 to 29,M,134,AARON
2020,Aged 25 to 29,M,135,CODY
2020,Aged 25 to 29,M,139,ROBERT
2020,Aged 25 to 29,M,141,JAKE
2020,Aged 25 to 29,M,143,KEVIN
2020,Aged 25 to 29,M,146,LUKE
2020,Aged 30 to 34,M,1,GEORGE
2020,Aged 30 to 34,M,2,OLIVER
2020,Aged 30 to 34,M,3,ARTHUR
2020,Aged 30 to 34,M,4,NOAH
2020,Aged 30 to 34,M,5,MUHAMMAD
2020,Aged 30 to 34,M,6,HARRY
2020,Aged 30 to 34,M,7,OSCAR
2020,Aged 30 to 34,M,8,JACK
2020,Aged 30 to 34,M,9,HENRY
2020,Aged 30 to 34,M,10,LEO
2020,Aged 30 to 34,M,11,CHARLIE
2020,Aged 30 to 34,M,12,THOMAS
2020,Aged 30 to 34,M,13,THEODORE
2020,Aged 30 to 34,M,14,FREDDIE
2020,Aged 30 to 34,M,15,JACOB
2020,Aged 30 to 34,M,16,JOSHUA
2020,Aged 30 to 34,M,17,WILLIAM
2020,Aged 30 to 34,M,18,FINLEY
2020,Aged 30 to 34,M,19,ARCHIE
2020,Aged 30 to 34,M,20,THEO
2020,Aged 30 to 34,M,21,ALFIE
2020,Aged 30 to 34,M,22,JAMES
2020,Aged 30 to 34,M,23,MAX
2020,Aged 30 to 34,M,23,ALEXANDER
2020,Aged 30 to 34,M,25,EDWARD
2020,Aged 30 to 34,M,26,ISAAC
2020,Aged 30 to 34,M,27,LUCAS
2020,Aged 30 to 34,M,28,ARLO
2020,Aged 30 to 34,M,29,SEBASTIAN
2020,Aged 30 to 34,M,30,ETHAN
2020,Aged 30 to 34,M,31,RORY
2020,Aged 30 to 34,M,32,JOSEPH
2020,Aged 30 to 34,M,33,BENJAMIN
2020,Aged 30 to 34,M,34,ADAM
2020,Aged 30 to 34,M,35,TEDDY
2020,Aged 30 to 34,M,36,MOHAMMED
2020,Aged 30 to 34,M,37,ROMAN
2020,Aged 30 to 34,M,38,JUDE
2020,Aged 30 to 34,M,39,REUBEN
2020,Aged 30 to 34,M,40,ALBIE
2020,Aged 30 to 34,M,41,TOMMY
2020,Aged 30 to 34,M,41,ZACHARY
2020,Aged 30 to 34,M,43,ELIJAH
2020,Aged 30 to 34,M,44,DYLAN
2020,Aged 30 to 34,M,45,SAMUEL
2020,Aged 30 to 34,M,46,LOUIS
2020,Aged 30 to 34,M,47,HARRISON
2020,Aged 30 to 34,M,48,FREDERICK
2020,Aged 30 to 34,M,49,ALBERT
2020,Aged 30 to 34,M,49,DANIEL
2020,Aged 30 to 34,M,51,LUCA
2020,Aged 30 to 34,M,52,TOBY
2020,Aged 30 to 34,M,53,LOUIE
2020,Aged 30 to 34,M,53,HUGO
2020,Aged 30 to 34,M,55,EZRA
2020,Aged 30 to 34,M,56,LOGAN
2020,Aged 30 to 34,M,57,RONNIE
2020,Aged 30 to 34,M,58,JAXON
2020,Aged 30 to 34,M,59,MASON
2020,Aged 30 to 34,M,60,DAVID
2020,Aged 30 to 34,M,61,GABRIEL
2020,Aged 30 to 34,M,62,JESSE
2020,Aged 30 to 34,M,63,REGGIE
2020,Aged 30 to 34,M,63,FINN
2020,Aged 30 to 34,M,65,JASPER
2020,Aged 30 to 34,M,66,FELIX
2020,Aged 30 to 34,M,67,ROWAN
2020,Aged 30 to 34,M,68,RUPERT
2020,Aged 30 to 34,M,69,FRANKIE
2020,Aged 30 to 34,M,70,ALFRED
2020,Aged 30 to 34,M,71,BOBBY
2020,Aged 30 to 34,M,72,STANLEY
2020,Aged 30 to 34,M,72,RALPH
2020,Aged 30 to 34,M,72,OTIS
2020,Aged 30 to 34,M,75,MILO
2020,Aged 30 to 34,M,76,CHARLES
2020,Aged 30 to 34,M,77,ELLIS
2020,Aged 30 to 34,M,78,MICHAEL
2020,Aged 30 to 34,M,79,ELLIOT
2020,Aged 30 to 34,M,80,LIAM
2020,Aged 30 to 34,M,81,MOHAMMAD
2020,Aged 30 to 34,M,82,SONNY
2020,Aged 30 to 34,M,83,JACKSON
2020,Aged 30 to 34,M,84,CALEB
2020,Aged 30 to 34,M,85,JENSON
2020,Aged 30 to 34,M,86,HUNTER
2020,Aged 30 to 34,M,86,CARTER
2020,Aged 30 to 34,M,86,JAKE
2020,Aged 30 to 34,M,89,GRAYSON
2020,Aged 30 to 34,M,90,LEON
2020,Aged 30 to 34,M,91,AUSTIN
2020,Aged 30 to 34,M,92,CHESTER
2020,Aged 30 to 34,M,93,RYAN
2020,Aged 30 to 34,M,94,ELLIOTT
2020,Aged 30 to 34,M,94,TOBIAS
2020,Aged 30 to 34,M,96,HUDSON
2020,Aged 30 to 34,M,97,LUKE
2020,Aged 30 to 34,M,98,AIDEN
2020,Aged 30 to 34,M,99,ALEX
2020,Aged 30 to 34,M,100,MATTHEW
2020,Aged 30 to 34,M,101,KAI
2020,Aged 30 to 34,M,101,NATHAN
2020,Aged 30 to 34,M,103,RILEY
2020,Aged 30 to 34,M,103,MYLES
2020,Aged 30 to 34,M,105,IBRAHIM
2020,Aged 30 to 34,M,106,OLLIE
2020,Aged 30 to 34,M,106,ELI
2020,Aged 30 to 34,M,108,YUSUF
2020,Aged 30 to 34,M,109,DOMINIC
2020,Aged 30 to 34,M,110,BLAKE
2020,Aged 30 to 34,M,111,PATRICK
2020,Aged 30 to 34,M,112,HARVEY
2020,Aged 30 to 34,M,115,WILFRED
2020,Aged 30 to 34,M,116,JAYDEN
2020,Aged 30 to 34,M,119,OAKLEY
2020,Aged 30 to 34,M,121,OWEN
2020,Aged 30 to 34,M,123,ELIAS
2020,Aged 30 to 34,M,126,HARLEY
2020,Aged 30 to 34,M,127,MUSA
2020,Aged 30 to 34,M,127,AARON
2020,Aged 30 to 34,M,130,ROBERT
2020,Aged 30 to 34,M,133,LEONARDO
2020,Aged 30 to 34,M,134,BRODY
2020,Aged 30 to 34,M,136,NATHANIEL
2020,Aged 30 to 34,M,137,JAXSON
2020,Aged 30 to 34,M,137,PARKER
2020,Aged 30 to 34,M,139,BILLY
2020,Aged 30 to 34,M,139,JAX
2020,Aged 30 to 34,M,146,VINNIE
2020,Aged 30 to 34,M,148,CODY
2020,Aged 35 and over,M,1,OLIVER
2020,Aged 35 and over,M,2,GEORGE
2020,Aged 35 and over,M,3,JACK
2020,Aged 35 and over,M,4,MUHAMMAD
2020,Aged 35 and over,M,5,NOAH
2020,Aged 35 and over,M,6,THOMAS
2020,Aged 35 and over,M,7,ALEXANDER
2020,Aged 35 and over,M,8,ARTHUR
2020,Aged 35 and over,M,9,LEO
2020,Aged 35 and over,M,10,WILLIAM
2020,Aged 35 and over,M,11,HENRY
2020,Aged 35 and over,M,12,HARRY
2020,Aged 35 and over,M,13,OSCAR
2020,Aged 35 and over,M,14,JOSHUA
2020,Aged 35 and over,M,15,JAMES
2020,Aged 35 and over,M,16,CHARLIE
2020,Aged 35 and over,M,17,THEODORE
2020,Aged 35 and over,M,18,BENJAMIN
2020,Aged 35 and over,M,19,JACOB
2020,Aged 35 and over,M,20,SAMUEL
2020,Aged 35 and over,M,21,ETHAN
2020,Aged 35 and over,M,22,EDWARD
2020,Aged 35 and over,M,23,THEO
2020,Aged 35 and over,M,24,SEBASTIAN
2020,Aged 35 and over,M,25,JOSEPH
2020,Aged 35 and over,M,26,ISAAC
2020,Aged 35 and over,M,27,ADAM
2020,Aged 35 and over,M,28,MAX
2020,Aged 35 and over,M,29,DANIEL
2020,Aged 35 and over,M,30,ALFIE
2020,Aged 35 and over,M,31,FINLEY
2020,Aged 35 and over,M,32,LUCAS
2020,Aged 35 and over,M,33,ARCHIE
2020,Aged 35 and over,M,34,DYLAN
2020,Aged 35 and over,M,35,FREDDIE
2020,Aged 35 and over,M,36,MOHAMMED
2020,Aged 35 and over,M,37,LOUIS
2020,Aged 35 and over,M,38,GABRIEL
2020,Aged 35 and over,M,39,ZACHARY
2020,Aged 35 and over,M,40,HUGO
2020,Aged 35 and over,M,41,JUDE
2020,Aged 35 and over,M,42,LUCA
2020,Aged 35 and over,M,43,ARLO
2020,Aged 35 and over,M,44,ALBERT
2020,Aged 35 and over,M,45,FELIX
2020,Aged 35 and over,M,46,ELIJAH
2020,Aged 35 and over,M,47,HARRISON
2020,Aged 35 and over,M,47,FINN
2020,Aged 35 and over,M,49,TEDDY
2020,Aged 35 and over,M,50,TOMMY
2020,Aged 35 and over,M,50,TOBY
2020,Aged 35 and over,M,52,DAVID
2020,Aged 35 and over,M,53,REUBEN
2020,Aged 35 and over,M,54,FREDERICK
2020,Aged 35 and over,M,54,STANLEY
2020,Aged 35 and over,M,56,ROMAN
2020,Aged 35 and over,M,57,RORY
2020,Aged 35 and over,M,57,ALBIE
2020,Aged 35 and over,M,59,LIAM
2020,Aged 35 and over,M,60,LOUIE
2020,Aged 35 and over,M,61,LOGAN
2020,Aged 35 and over,M,62,CHARLES
2020,Aged 35 and over,M,63,EZRA
2020,Aged 35 and over,M,64,JESSE
2020,Aged 35 and over,M,65,ELLIOT
2020,Aged 35 and over,M,66,MICHAEL
2020,Aged 35 and over,M,67,MASON
2020,Aged 35 and over,M,67,LUKE
2020,Aged 35 and over,M,69,JAKE
2020,Aged 35 and over,M,70,ALFRED
2020,Aged 35 and over,M,70,MILO
2020,Aged 35 and over,M,72,MOHAMMAD
2020,Aged 35 and over,M,73,JASPER
2020,Aged 35 and over,M,74,ROWAN
2020,Aged 35 and over,M,75,OTIS
2020,Aged 35 and over,M,76,ELLIOTT
2020,Aged 35 and over,M,77,GRAYSON
2020,Aged 35 and over,M,77,AUSTIN
2020,Aged 35 and over,M,79,JAXON
2020,Aged 35 and over,M,80,MATTHEW
2020,Aged 35 and over,M,81,NATHAN
2020,Aged 35 and over,M,82,RYAN
2020,Aged 35 and over,M,83,ALEX
2020,Aged 35 and over,M,84,WILFRED
2020,Aged 35 and over,M,85,LEON
2020,Aged 35 and over,M,85,OWEN
2020,Aged 35 and over,M,87,REGGIE
2020,Aged 35 and over,M,87,AARON
2020,Aged 35 and over,M,89,SONNY
2020,Aged 35 and over,M,90,RONNIE
2020,Aged 35 and over,M,91,ROBERT
2020,Aged 35 and over,M,92,ELLIS
2020,Aged 35 and over,M,92,TOBIAS
2020,Aged 35 and over,M,92,LEONARDO
2020,Aged 35 and over,M,95,CALEB
2020,Aged 35 and over,M,96,NATHANIEL
2020,Aged 35 and over,M,97,FRANKIE
2020,Aged 35 and over,M,98,IBRAHIM
2020,Aged 35 and over,M,99,BOBBY
2020,Aged 35 and over,M,99,AIDEN
2020,Aged 35 and over,M,101,YUSUF
2020,Aged 35 and over,M,105,RALPH
2020,Aged 35 and over,M,105,KAI
2020,Aged 35 and over,M,109,JENSON
2020,Aged 35 and over,M,110,JACKSON
2020,Aged 35 and over,M,112,JAYDEN
2020,Aged 35 and over,M,112,ELIAS
2020,Aged 35 and over,M,115,BLAKE
2020,Aged 35 and over,M,117,OLLIE
2020,Aged 35 and over,M,118,HUDSON
2020,Aged 35 and over,M,121,HUNTER
2020,Aged 35 and over,M,124,CARTER
2020,Aged 35 and over,M,129,ELI
2020,Aged 35 and over,M,135,RILEY
2020,Aged 35 and over,M,140,RUPERT
2020,Aged 35 and over,M,142,MYLES
2020,Aged 35 and over,M,142,MUSA
2020,Aged 35 and over,M,145,HARVEY
2020,Aged 35 and over,M,153,PATRICK
2020,Aged 35 and over,M,160,BILLY
2020,Aged 35 and over,M,166,DOMINIC
2020,Aged 35 and over,M,167,CHESTER
2020,Aged 35 and over,M,178,LORENZO
2020,Aged 35 and over,M,186,MARLEY
2020,Aged 35 and over,M,187,OAKLEY
2020,Aged 35 and over,M,187,JAXSON
2020,Aged 35 and over,M,193,HARLEY
2020,Aged 35 and over,M,199,CODY
2020,Aged 35 and over,M,202,TYLER
2020,Aged 35 and over,M,204,LEVI
2020,Aged under 25,F,1,AMELIA
2020,Aged under 25,F,2,AVA
2020,Aged under 25,F,3,OLIVIA
2020,Aged under 25,F,4,IVY
2020,Aged under 25,F,5,ISLA
2020,Aged under 25,F,6,ISABELLA
2020,Aged under 25,F,7,MIA
2020,Aged under 25,F,8,WILLOW
2020,Aged under 25,F,9,HARPER
2020,Aged under 25,F,10,ELSIE
2020,Aged under 25,F,11,ARABELLA
2020,Aged under 25,F,12,FREYA
2020,Aged under 25,F,13,ELLA
2020,Aged under 25,F,14,ROSIE
2020,Aged under 25,F,15,LILY
2020,Aged under 25,F,16,EVIE
2020,Aged under 25,F,17,SOFIA
2020,Aged under 25,F,18,LAYLA
2020,Aged under 25,F,19,SOPHIA
2020,Aged under 25,F,20,ARIA
2020,Aged under 25,F,21,DELILAH
2020,Aged under 25,F,22,BONNIE
2020,Aged under 25,F,23,SCARLETT
2020,Aged under 25,F,24,GRACE
2020,Aged under 25,F,25,SIENNA
2020,Aged under 25,F,26,NEVAEH
2020,Aged under 25,F,27,POPPY
2020,Aged under 25,F,28,ESME
2020,Aged under 25,F,29,MAISIE
2020,Aged under 25,F,30,DAISY
2020,Aged under 25,F,31,LUNA
2020,Aged under 25,F,32,ELIZA
2020,Aged under 25,F,33,MAYA
2020,Aged under 25,F,34,EVELYN
2020,Aged under 25,F,35,MILLIE
2020,Aged under 25,F,36,HALLIE
2020,Aged under 25,F,37,VIOLET
2020,Aged under 25,F,38,MILA
2020,Aged under 25,F,39,AURORA
2020,Aged under 25,F,40,BELLA
2020,Aged under 25,F,41,ESMAE
2020,Aged under 25,F,41,RUBY
2020,Aged under 25,F,43,PHOEBE
2020,Aged under 25,F,44,ISABELLE
2020,Aged under 25,F,45,MYLA
2020,Aged under 25,F,46,DARCIE
2020,Aged under 25,F,46,EMILY
2020,Aged under 25,F,48,EVA
2020,Aged under 25,F,49,GRACIE
2020,Aged under 25,F,50,LOLA
2020,Aged under 25,F,51,LILLY
2020,Aged under 25,F,52,FLORENCE
2020,Aged under 25,F,53,CHARLOTTE
2020,Aged under 25,F,53,LEXI
2020,Aged under 25,F,53,LOTTIE
2020,Aged under 25,F,56,EMILIA
2020,Aged under 25,F,57,AYLA
2020,Aged under 25,F,58,LYLA
2020,Aged under 25,F,58,MARIA
2020,Aged under 25,F,60,ALICE
2020,Aged under 25,F,61,NELLIE
2020,Aged under 25,F,61,PAISLEY
2020,Aged under 25,F,63,AMELIA-ROSE
2020,Aged under 25,F,64,MARNIE
2020,Aged under 25,F,65,MATILDA
2020,Aged under 25,F,66,AALIYAH
2020,Aged under 25,F,67,PENELOPE
2020,Aged under 25,F,68,SKYLAR
2020,Aged under 25,F,69,IVY-ROSE
2020,Aged under 25,F,70,MABEL
2020,Aged under 25,F,71,JESSICA
2020,Aged under 25,F,72,HARLOW
2020,Aged under 25,F,73,ADA
2020,Aged under 25,F,74,ELIZABETH
2020,Aged under 25,F,74,NANCY
2020,Aged under 25,F,76,ANASTASIA
2020,Aged under 25,F,76,ISLA-ROSE
2020,Aged under 25,F,78,THEA
2020,Aged under 25,F,79,ALAIA
2020,Aged under 25,F,80,ARIANA
2020,Aged under 25,F,80,ROBYN
2020,Aged under 25,F,80,ZARA
2020,Aged under 25,F,83,NOVA
2020,Aged under 25,F,84,AMAYA
2020,Aged under 25,F,84,SAVANNAH
2020,Aged under 25,F,86,ELLIE
2020,Aged under 25,F,86,HEIDI
2020,Aged under 25,F,88,IMOGEN
2020,Aged under 25,F,88,MADDISON
2020,Aged under 25,F,90,HOPE
2020,Aged under 25,F,90,MAEVE
2020,Aged under 25,F,90,MARYAM
2020,Aged under 25,F,90,SARA
2020,Aged under 25,F,94,LILLIE
2020,Aged under 25,F,95,EMMA
2020,Aged under 25,F,96,HARRIET
2020,Aged under 25,F,97,AUTUMN
2020,Aged under 25,F,97,SOPHIE
2020,Aged under 25,F,99,AVA-MAE
2020,Aged under 25,F,99,MYA
2020,Aged under 25,F,103,SUMMER
2020,Aged under 25,F,105,AISHA
2020,Aged under 25,F,108,JASMINE
2020,Aged under 25,F,111,IRIS
2020,Aged under 25,F,114,ROSE
2020,Aged under 25,F,118,ORLA
2020,Aged under 25,F,119,DARCY
2020,Aged under 25,F,122,FATIMA
2020,Aged under 25,F,128,ERIN
2020,Aged under 25,F,132,AMBER
2020,Aged under 25,F,137,ELEANOR
2020,Aged under 25,F,137,MOLLY
2020,Aged under 25,F,143,ABIGAIL
2020,Aged under 25,F,144,ELODIE
2020,Aged under 25,F,144,LUCY
2020,Aged under 25,F,149,CLARA
2020,Aged under 25,F,149,EDEN
2020,Aged under 25,F,149,HANNAH
2020,Aged under 25,F,166,CHLOE
2020,Aged under 25,F,166,LYRA
2020,Aged under 25,F,176,OLIVE
2020,Aged under 25,F,181,ANNABELLE
2020,Aged under 25,F,187,BEATRICE
2020,Aged under 25,F,193,HOLLY
2020,Aged under 25,F,210,LARA
2020,Aged under 25,F,219,MARGOT
2020,Aged under 25,F,233,ALEXANDRA
2020,Aged under 25,F,237,EDIE
2020,Aged under 25,F,237,FELICITY
2020,Aged under 25,F,263,ISABEL
2020,Aged 25 to 29,F,1,OLIVIA
2020,Aged 25 to 29,F,2,AMELIA
2020,Aged 25 to 29,F,3,ISLA
2020,Aged 25 to 29,F,4,AVA
2020,Aged 25 to 29,F,5,MIA
2020,Aged 25 to 29,F,6,IVY
2020,Aged 25 to 29,F,7,ROSIE
2020,Aged 25 to 29,F,8,FREYA
2020,Aged 25 to 29,F,9,LILY
2020,Aged 25 to 29,F,10,ELSIE
2020,Aged 25 to 29,F,11,WILLOW
2020,Aged 25 to 29,F,12,EVIE
2020,Aged 25 to 29,F,13,POPPY
2020,Aged 25 to 29,F,14,ELLA
2020,Aged 25 to 29,F,15,ISABELLA
2020,Aged 25 to 29,F,16,SOPHIA
2020,Aged 25 to 29,F,17,GRACE
2020,Aged 25 to 29,F,18,FLORENCE
2020,Aged 25 to 29,F,19,DAISY
2020,Aged 25 to 29,F,20,HARPER
2020,Aged 25 to 29,F,21,MILLIE
2020,Aged 25 to 29,F,22,EVELYN
2020,Aged 25 to 29,F,23,SOFIA
2020,Aged 25 to 29,F,24,PHOEBE
2020,Aged 25 to 29,F,25,SIENNA
2020,Aged 25 to 29,F,26,LUNA
2020,Aged 25 to 29,F,27,EMILY
2020,Aged 25 to 29,F,28,HALLIE
2020,Aged 25 to 29,F,29,RUBY
2020,Aged 25 to 29,F,30,MAISIE
2020,Aged 25 to 29,F,31,ARIA
2020,Aged 25 to 29,F,32,ISABELLE
2020,Aged 25 to 29,F,33,EMILIA
2020,Aged 25 to 29,F,34,ARABELLA
2020,Aged 25 to 29,F,35,PENELOPE
2020,Aged 25 to 29,F,36,MAYA
2020,Aged 25 to 29,F,37,MATILDA
2020,Aged 25 to 29,F,38,ALICE
2020,Aged 25 to 29,F,39,BONNIE
2020,Aged 25 to 29,F,40,CHARLOTTE
2020,Aged 25 to 29,F,41,EVA
2020,Aged 25 to 29,F,42,MILA
2020,Aged 25 to 29,F,43,ADA
2020,Aged 25 to 29,F,44,ELIZA
2020,Aged 25 to 29,F,45,DELILAH
2020,Aged 25 to 29,F,46,LAYLA
2020,Aged 25 to 29,F,47,VIOLET
2020,Aged 25 to 29,F,48,SCARLETT
2020,Aged 25 to 29,F,49,ESME
2020,Aged 25 to 29,F,50,ELLIE
2020,Aged 25 to 29,F,51,SOPHIE
2020,Aged 25 to 29,F,52,BELLA
2020,Aged 25 to 29,F,53,AURORA
2020,Aged 25 to 29,F,54,GRACIE
2020,Aged 25 to 29,F,55,AYLA
2020,Aged 25 to 29,F,56,LOLA
2020,Aged 25 to 29,F,57,LOTTIE
2020,Aged 25 to 29,F,57,IMOGEN
2020,Aged 25 to 29,F,59,THEA
2020,Aged 25 to 29,F,60,DARCIE
2020,Aged 25 to 29,F,61,NANCY
2020,Aged 25 to 29,F,62,MABEL
2020,Aged 25 to 29,F,63,JESSICA
2020,Aged 25 to 29,F,64,ERIN
2020,Aged 25 to 29,F,65,ELEANOR
2020,Aged 25 to 29,F,66,HARRIET
2020,Aged 25 to 29,F,66,ORLA
2020,Aged 25 to 29,F,68,MYLA
2020,Aged 25 to 29,F,69,ZARA
2020,Aged 25 to 29,F,69,ROSE
2020,Aged 25 to 29,F,71,MOLLY
2020,Aged 25 to 29,F,72,MARYAM
2020,Aged 25 to 29,F,72,EMMA
2020,Aged 25 to 29,F,74,MARIA
2020,Aged 25 to 29,F,75,LILLY
2020,Aged 25 to 29,F,76,CHLOE
2020,Aged 25 to 29,F,77,ESMAE
2020,Aged 25 to 29,F,78,HOLLY
2020,Aged 25 to 29,F,79,NELLIE
2020,Aged 25 to 29,F,80,LYLA
2020,Aged 25 to 29,F,81,LUCY
2020,Aged 25 to 29,F,82,EDEN
2020,Aged 25 to 29,F,83,MADDISON
2020,Aged 25 to 29,F,83,HANNAH
2020,Aged 25 to 29,F,85,ELIZABETH
2020,Aged 25 to 29,F,85,JASMINE
2020,Aged 25 to 29,F,87,ROBYN
2020,Aged 25 to 29,F,88,HEIDI
2020,Aged 25 to 29,F,88,SUMMER
2020,Aged 25 to 29,F,88,AISHA
2020,Aged 25 to 29,F,91,MAEVE
2020,Aged 25 to 29,F,92,IRIS
2020,Aged 25 to 29,F,92,LYRA
2020,Aged 25 to 29,F,94,AMAYA
2020,Aged 25 to 29,F,94,LARA
2020,Aged 25 to 29,F,96,DARCY
2020,Aged 25 to 29,F,97,MARGOT
2020,Aged 25 to 29,F,98,AALIYAH
2020,Aged 25 to 29,F,98,FATIMA
2020,Aged 25 to 29,F,98,INDIE
2020,Aged 25 to 29,F,101,AMBER
2020,Aged 25 to 29,F,101,FELICITY
2020,Aged 25 to 29,F,101,GEORGIA
2020,Aged 25 to 29,F,104,ELODIE
2020,Aged 25 to 29,F,105,SARA
2020,Aged 25 to 29,F,106,AUTUMN
2020,Aged 25 to 29,F,107,AMELIE
2020,Aged 25 to 29,F,108,PAISLEY
2020,Aged 25 to 29,F,108,MARNIE
2020,Aged 25 to 29,F,108,NOVA
2020,Aged 25 to 29,F,108,OLIVE
2020,Aged 25 to 29,F,115,EDIE
2020,Aged 25 to 29,F,116,NEVAEH
2020,Aged 25 to 29,F,116,ANASTASIA
2020,Aged 25 to 29,F,119,ABIGAIL
2020,Aged 25 to 29,F,121,HOPE
2020,Aged 25 to 29,F,124,ANNABELLE
2020,Aged 25 to 29,F,125,ARIANA
2020,Aged 25 to 29,F,125,SAVANNAH
2020,Aged 25 to 29,F,125,EDITH
2020,Aged 25 to 29,F,130,CLARA
2020,Aged 25 to 29,F,137,VICTORIA
2020,Aged 25 to 29,F,140,LEXI
2020,Aged 25 to 29,F,141,BEATRICE
2020,Aged 25 to 29,F,144,HARLOW
2020,Aged 25 to 29,F,148,OTTILIE
2020,Aged 25 to 29,F,164,SKYLAR
2020,Aged 25 to 29,F,167,MYA
2020,Aged 25 to 29,F,167,ANNA
2020,Aged 25 to 29,F,173,LILLIE
2020,Aged 30 to 34,F,1,OLIVIA
2020,Aged 30 to 34,F,2,AMELIA
2020,Aged 30 to 34,F,3,ISLA
2020,Aged 30 to 34,F,4,AVA
2020,Aged 30 to 34,F,5,LILY
2020,Aged 30 to 34,F,6,IVY
2020,Aged 30 to 34,F,7,GRACE
2020,Aged 30 to 34,F,8,FLORENCE
2020,Aged 30 to 34,F,9,MIA
2020,Aged 30 to 34,F,10,EMILY
2020,Aged 30 to 34,F,11,ROSIE
2020,Aged 30 to 34,F,12,SOPHIA
2020,Aged 30 to 34,F,13,EVELYN
2020,Aged 30 to 34,F,14,WILLOW
2020,Aged 30 to 34,F,14,POPPY
2020,Aged 30 to 34,F,16,FREYA
2020,Aged 30 to 34,F,17,SOPHIE
2020,Aged 30 to 34,F,18,ISABELLA
2020,Aged 30 to 34,F,19,CHARLOTTE
2020,Aged 30 to 34,F,20,ELLA
2020,Aged 30 to 34,F,21,SIENNA
2020,Aged 30 to 34,F,22,PHOEBE
2020,Aged 30 to 34,F,23,EVIE
2020,Aged 30 to 34,F,24,MATILDA
2020,Aged 30 to 34,F,25,ALICE
2020,Aged 30 to 34,F,26,ELSIE
2020,Aged 30 to 34,F,27,SOFIA
2020,Aged 30 to 34,F,28,EMILIA
2020,Aged 30 to 34,F,29,ISABELLE
2020,Aged 30 to 34,F,30,DAISY
2020,Aged 30 to 34,F,31,ADA
2020,Aged 30 to 34,F,32,EVA
2020,Aged 30 to 34,F,33,RUBY
2020,Aged 30 to 34,F,34,JESSICA
2020,Aged 30 to 34,F,35,MILLIE
2020,Aged 30 to 34,F,36,MAYA
2020,Aged 30 to 34,F,37,LUNA
2020,Aged 30 to 34,F,38,HARPER
2020,Aged 30 to 34,F,39,PENELOPE
2020,Aged 30 to 34,F,40,ELEANOR
2020,Aged 30 to 34,F,41,MOLLY
2020,Aged 30 to 34,F,41,CHLOE
2020,Aged 30 to 34,F,43,IMOGEN
2020,Aged 30 to 34,F,44,ELIZA
2020,Aged 30 to 34,F,45,THEA
2020,Aged 30 to 34,F,46,MILA
2020,Aged 30 to 34,F,47,ERIN
2020,Aged 30 to 34,F,48,HARRIET
2020,Aged 30 to 34,F,49,ESME
2020,Aged 30 to 34,F,50,VIOLET
2020,Aged 30 to 34,F,51,ARIA
2020,Aged 30 to 34,F,52,ROSE
2020,Aged 30 to 34,F,53,MAISIE
2020,Aged 30 to 34,F,54,ELIZABETH
2020,Aged 30 to 34,F,55,ORLA
2020,Aged 30 to 34,F,56,BONNIE
2020,Aged 30 to 34,F,57,ROBYN
2020,Aged 30 to 34,F,57,MARGOT
2020,Aged 30 to 34,F,59,EMMA
2020,Aged 30 to 34,F,60,HALLIE
2020,Aged 30 to 34,F,61,ARABELLA
2020,Aged 30 to 34,F,62,LOTTIE
2020,Aged 30 to 34,F,62,NANCY
2020,Aged 30 to 34,F,62,MABEL
2020,Aged 30 to 34,F,65,EDITH
2020,Aged 30 to 34,F,66,LUCY
2020,Aged 30 to 34,F,67,ZARA
2020,Aged 30 to 34,F,68,LOLA
2020,Aged 30 to 34,F,69,AMELIE
2020,Aged 30 to 34,F,70,HANNAH
2020,Aged 30 to 34,F,71,ELLIE
2020,Aged 30 to 34,F,71,IRIS
2020,Aged 30 to 34,F,73,GEORGIA
2020,Aged 30 to 34,F,74,AMBER
2020,Aged 30 to 34,F,75,HOLLY
2020,Aged 30 to 34,F,76,SCARLETT
2020,Aged 30 to 34,F,76,JASMINE
2020,Aged 30 to 34,F,78,LAYLA
2020,Aged 30 to 34,F,79,AYLA
2020,Aged 30 to 34,F,80,OLIVE
2020,Aged 30 to 34,F,81,BELLA
2020,Aged 30 to 34,F,82,MARIA
2020,Aged 30 to 34,F,83,AURORA
2020,Aged 30 to 34,F,84,LYRA
2020,Aged 30 to 34,F,85,CLARA
2020,Aged 30 to 34,F,86,FELICITY
2020,Aged 30 to 34,F,86,ANNA
2020,Aged 30 to 34,F,88,ELODIE
2020,Aged 30 to 34,F,89,ABIGAIL
2020,Aged 30 to 34,F,90,SUMMER
2020,Aged 30 to 34,F,91,GRACIE
2020,Aged 30 to 34,F,92,MARYAM
2020,Aged 30 to 34,F,92,LARA
2020,Aged 30 to 34,F,92,ANNABELLE
2020,Aged 30 to 34,F,95,DELILAH
2020,Aged 30 to 34,F,96,OTTILIE
2020,Aged 30 to 34,F,97,EDEN
2020,Aged 30 to 34,F,98,DARCIE
2020,Aged 30 to 34,F,98,HEIDI
2020,Aged 30 to 34,F,100,EDIE
2020,Aged 30 to 34,F,101,MAEVE
2020,Aged 30 to 34,F,103,ZOE
2020,Aged 30 to 34,F,104,MARTHA
2020,Aged 30 to 34,F,105,BEATRICE
2020,Aged 30 to 34,F,106,AISHA
2020,Aged 30 to 34,F,106,FATIMA
2020,Aged 30 to 34,F,108,LYLA
2020,Aged 30 to 34,F,109,INDIE
2020,Aged 30 to 34,F,111,ISABEL
2020,Aged 30 to 34,F,112,LILLY
2020,Aged 30 to 34,F,113,SARA
2020,Aged 30 to 34,F,116,HOPE
2020,Aged 30 to 34,F,121,AMAYA
2020,Aged 30 to 34,F,121,AUTUMN
2020,Aged 30 to 34,F,124,MYLA
2020,Aged 30 to 34,F,126,NINA
2020,Aged 30 to 34,F,127,VICTORIA
2020,Aged 30 to 34,F,129,DARCY
2020,Aged 30 to 34,F,143,ALEXANDRA
2020,Aged 30 to 34,F,148,MYA
2020,Aged 30 to 34,F,150,MARNIE
2020,Aged 30 to 34,F,156,LEXI
2020,Aged 30 to 34,F,158,NOVA
2020,Aged 30 to 34,F,163,SAVANNAH
2020,Aged 30 to 34,F,173,NELLIE
2020,Aged 30 to 34,F,173,AALIYAH
2020,Aged 30 to 34,F,176,MADDISON
2020,Aged 30 to 34,F,179,ARIANA
2020,Aged 30 to 34,F,183,ESMAE
2020,Aged 30 to 34,F,202,PAISLEY
2020,Aged 35 and over,F,1,OLIVIA
2020,Aged 35 and over,F,2,AMELIA
2020,Aged 35 and over,F,3,CHARLOTTE
2020,Aged 35 and over,F,4,ISLA
2020,Aged 35 and over,F,5,EMILY
2020,Aged 35 and over,F,6,AVA
2020,Aged 35 and over,F,6,FLORENCE
2020,Aged 35 and over,F,8,SOPHIE
2020,Aged 35 and over,F,9,SOPHIA
2020,Aged 35 and over,F,10,MIA
2020,Aged 35 and over,F,11,GRACE
2020,Aged 35 and over,F,12,LILY
2020,Aged 35 and over,F,13,ISABELLA
2020,Aged 35 and over,F,14,FREYA
2020,Aged 35 and over,F,15,ALICE
2020,Aged 35 and over,F,16,ELLA
2020,Aged 35 and over,F,16,SOFIA
2020,Aged 35 and over,F,18,POPPY
2020,Aged 35 and over,F,19,WILLOW
2020,Aged 35 and over,F,20,JESSICA
2020,Aged 35 and over,F,21,MATILDA
2020,Aged 35 and over,F,22,SIENNA
2020,Aged 35 and over,F,23,CHLOE
2020,Aged 35 and over,F,24,ROSIE
2020,Aged 35 and over,F,25,EVELYN
2020,Aged 35 and over,F,26,MAYA
2020,Aged 35 and over,F,27,DAISY
2020,Aged 35 and over,F,27,RUBY
2020,Aged 35 and over,F,29,EMILIA
2020,Aged 35 and over,F,30,PHOEBE
2020,Aged 35 and over,F,31,EVIE
2020,Aged 35 and over,F,32,IVY
2020,Aged 35 and over,F,33,EVA
2020,Aged 35 and over,F,34,ELIZABETH
2020,Aged 35 and over,F,35,ISABELLE
2020,Aged 35 and over,F,36,ELSIE
2020,Aged 35 and over,F,37,LUCY
2020,Aged 35 and over,F,38,MOLLY
2020,Aged 35 and over,F,39,HARRIET
2020,Aged 35 and over,F,39,EMMA
2020,Aged 35 and over,F,41,IMOGEN
2020,Aged 35 and over,F,42,ADA
2020,Aged 35 and over,F,43,ESME
2020,Aged 35 and over,F,44,ERIN
2020,Aged 35 and over,F,45,ANNA
2020,Aged 35 and over,F,46,ELEANOR
2020,Aged 35 and over,F,47,HANNAH
2020,Aged 35 and over,F,48,IRIS
2020,Aged 35 and over,F,49,ROSE
2020,Aged 35 and over,F,50,AMELIE
2020,Aged 35 and over,F,51,MILLIE
2020,Aged 35 and over,F,51,ABIGAIL
2020,Aged 35 and over,F,53,MARIA
2020,Aged 35 and over,F,54,JASMINE
2020,Aged 35 and over,F,55,SCARLETT
2020,Aged 35 and over,F,56,ZOE
2020,Aged 35 and over,F,57,ELIZA
2020,Aged 35 and over,F,58,HOLLY
2020,Aged 35 and over,F,59,GEORGIA
2020,Aged 35 and over,F,60,EDITH
2020,Aged 35 and over,F,61,LUNA
2020,Aged 35 and over,F,61,MAISIE
2020,Aged 35 and over,F,63,CLARA
2020,Aged 35 and over,F,64,AMBER
2020,Aged 35 and over,F,65,THEA
2020,Aged 35 and over,F,66,HARPER
2020,Aged 35 and over,F,66,MARGOT
2020,Aged 35 and over,F,66,LOTTIE
2020,Aged 35 and over,F,69,ELLIE
2020,Aged 35 and over,F,70,VIOLET
2020,Aged 35 and over,F,71,PENELOPE
2020,Aged 35 and over,F,71,ROBYN
2020,Aged 35 and over,F,71,NANCY
2020,Aged 35 and over,F,74,ZARA
2020,Aged 35 and over,F,75,ARIA
2020,Aged 35 and over,F,76,MABEL
2020,Aged 35 and over,F,77,BONNIE
2020,Aged 35 and over,F,78,ORLA
2020,Aged 35 and over,F,78,BEATRICE
2020,Aged 35 and over,F,80,LAYLA
2020,Aged 35 and over,F,81,ARABELLA
2020,Aged 35 and over,F,81,MARTHA
2020,Aged 35 and over,F,83,ALEXANDRA
2020,Aged 35 and over,F,84,VICTORIA
2020,Aged 35 and over,F,85,MILA
2020,Aged 35 and over,F,86,LYRA
2020,Aged 35 and over,F,87,BELLA
2020,Aged 35 and over,F,88,MARYAM
2020,Aged 35 and over,F,89,SARA
2020,Aged 35 and over,F,90,MAEVE
2020,Aged 35 and over,F,91,SUMMER
2020,Aged 35 and over,F,92,AURORA
2020,Aged 35 and over,F,93,ANNABELLE
2020,Aged 35 and over,F,94,AYLA
2020,Aged 35 and over,F,94,LARA
2020,Aged 35 and over,F,96,ELODIE
2020,Aged 35 and over,F,96,ISABEL
2020,Aged 35 and over,F,98,NINA
2020,Aged 35 and over,F,99,LOLA
2020,Aged 35 and over,F,99,AISHA
2020,Aged 35 and over,F,102,FATIMA
2020,Aged 35 and over,F,103,HOPE
2020,Aged 35 and over,F,104,HEIDI
2020,Aged 35 and over,F,106,EDEN
2020,Aged 35 and over,F,107,EDIE
2020,Aged 35 and over,F,109,GRACIE
2020,Aged 35 and over,F,113,AMAYA
2020,Aged 35 and over,F,115,OLIVE
2020,Aged 35 and over,F,116,FELICITY
2020,Aged 35 and over,F,122,OTTILIE
2020,Aged 35 and over,F,127,LILLY
2020,Aged 35 and over,F,131,SAVANNAH
2020,Aged 35 and over,F,143,HALLIE
2020,Aged 35 and over,F,143,INDIE
2020,Aged 35 and over,F,145,DELILAH
2020,Aged 35 and over,F,148,MYLA
2020,Aged 35 and over,F,152,DARCIE
2020,Aged 35 and over,F,157,LYLA
2020,Aged 35 and over,F,163,ARIANA
2020,Aged 35 and over,F,170,AUTUMN
2020,Aged 35 and over,F,170,DARCY
2020,Aged 35 and over,F,186,AALIYAH
2020,Aged 35 and over,F,198,NEVAEH
2020,Aged 35 and over,F,201,MARNIE
2020,Aged 35 and over,F,207,ANASTASIA
2020,Aged 35 and over,F,210,LEXI
2020,Aged 35 and over,F,213,ESMAE
2020,Aged 35 and over,F,224,MYA
2020,Aged 35 and over,F,236,SKYLAR
2020,Aged 35 and over,F,258,NOVA
